code,year,month,period,type,amount,curr,interest_net,commission_income,interest_income,other_operating_income,revenue,cost_of_sales,gross_profit,sel_gen_adm_expenses,operating_income,ebitda,ebitda_adjusted,ebit,earnings_wo_tax,earnings_continuing_operations,earnings,earnings_stock_holders,earnings_comprehensive,earnings_comprehensive_stock_holders
LKOH,2011,12,Y,МСФО,1000000,USD,-483,,211,,133650,,,3822,13155,18075,,13602,13119,,9826,10357,,
LKOH,2012,12,Y,МСФО,1000000,USD,-281,,257,,139171,64148,75023,3755,14070,18836,,14004,13723,,10925,11004,,
LKOH,2013,12,Y,МСФО,1000000,USD,-249,,239,,141452,65924,75528,3849,10247,16463,,10707,10458,,7627,7832,,
LKOH,2013,12,Y,РСБУ,1000,RUB,20183909,,36957912,,260008506,19597272,240411234,1037026,215773801,197470099,,197024169,217208078,,209870651,209870651,,
LKOH,2014,12,Y,МСФО,1000000,RUB,-18728,,10999,,5504856,2781856,2723000,146550,412334,796635,,503583,484855,,394076,395525,,
LKOH,2014,12,Y,РСБУ,1000,RUB,24227332,,43401283,,242880237,17799989,225080248,1494273,202901835,374953795,,374275320,398502652,,371881105,371881105,,
LKOH,2015,12,Y,МСФО,1000000,RUB,-30461,,17763,,5749050,2891674,2857376,168669,465729,769000,,419565,389104,,292745,291135,,
LKOH,2015,12,Y,РСБУ,1000,RUB,23627282,,66565274,,259197748,21896068,237301680,1607869,212970686,302194534,,301470535,325097817,,302294681,302294681,,
LKOH,2016,12,Y,МСФО,1000000,RUB,-32274,,14756,,5227045,2609764,2617281,196156,419143,731000,,304789,272515,,207642,206794,,
LKOH,2016,12,Y,РСБУ,1000,RUB,16082254,,67435282,,316540706,18041817,298498889,3478855,270792832,166651983,,166651983,182734237,,182566224,182566224,,
LKOH,2017,12,Y,МСФО,1000000,RUB,-12180,,15151,,5936705,3129864,2806841,165331,506516,861418,831600,536364,524184,,420422,418805,,
LKOH,2017,12,Y,РСБУ,1000,RUB,28891788,,65725955,,223419850,19364531,204055319,1899327,157746320,185702354,,184801690,213693478,,204363706,204363706,,
LKOH,2018,3,Q,МСФО,1000000,RUB,-1735,,3514,,1630728,,,36754,131834,221967,219500,134277,132542,,109425,109058,,
LKOH,2018,6,6M,МСФО,1000000,RUB,-7439,,8162,,3686786,2079312,1607474,77163,329392,537127,514700,351844,344405,,277420,276380,,
LKOH,2018,6,Q,МСФО,1000000,RUB,-5704,,4648,,2056058,,,40409,197558,315160,295200,217567,211863,,167995,167322,,
LKOH,2018,9,9M,МСФО,1000000,RUB,-12262,,13294,,5992672,,,141929,545302,876200,836500,585017,572755,,461882,460147,,
LKOH,2018,9,Q,МСФО,1000000,RUB,-4823,,5132,,2305886,,,64766,215910,339073,321800,233173,228350,,184462,183767,,
LKOH,2018,12,6M,МСФО,1000000,RUB,-11329,,11368,,4349103,2454932,1894171,115270,442323,597745,600100,439943,428614,,343682,342794,,
LKOH,2018,12,Q,МСФО,1000000,RUB,-6506,,6236,,2043217,,,50504,226413,258672,278300,206770,200264,,159220,159027,,
LKOH,2018,12,Y,МСФО,1000000,RUB,-18768,,19530,,8035889,4534244,3501645,192433,771715,1134872,1114800,791787,773019,,621102,619174,,
LKOH,2018,12,Y,РСБУ,1000,RUB,20705673,,56232201,,264355347,20625329,243730018,1435908,211379940,208289416,,207375625,228081298,,219484106,219484106,,
LKOH,2019,3,Q,МСФО,1000000,RUB,-5750,,5984,,1850933,987525,863408,49573,194227,302166,298100,198336,192586,,149790,149236,,
LKOH,2019,3,Q,РСБУ,1000,RUB,-1925214,,11598245,,48287730,4749806,43537924,142296,36544669,46323985,,46323985,44398771,,41661862,41661862,,
LKOH,2019,6,6M,МСФО,1000000,RUB,-10651,,12059,,3976485,2197908,1778577,98560,420667,636525,630200,426965,416314,,331591,330481,,
LKOH,2019,6,6M,РСБУ,1000,RUB,-3552881,,22974962,,218418706,9618363,208800343,363278,194849373,208432904,,208432904,204880023,,200857262,200857262,,
LKOH,2019,6,Q,МСФО,1000000,RUB,-4901,,6075,,2125552,1210383,915169,48987,226440,334359,332100,228629,223728,,181801,181245,,
LKOH,2019,6,Q,РСБУ,1000,RUB,-1627667,,11376717,,170130976,4868557,165262419,220982,158304704,162108919,,162108919,160481252,,159195400,159195400,,
LKOH,2019,9,9M,МСФО,1000000,RUB,-14579,,19003,,5928807,3247918,2680889,144198,643968,971725,958000,657661,643082,,522478,520868,,
LKOH,2019,9,9M,РСБУ,1000,RUB,-6265324,,34663534,,242109809,14329554,227780255,587488,206219145,214361185,,214361185,208095861,,209278037,209278037,,
LKOH,2019,9,Q,МСФО,1000000,RUB,-3928,,6944,,1952322,1050010,902312,45638,223301,335200,327800,230696,226768,,190887,190387,,
LKOH,2019,9,Q,РСБУ,1000,RUB,-2712443,,11688572,,23691103,4711191,18979912,224210,11369772,5928281,,5928281,3215838,,8420775,8420775,,
LKOH,2019,12,6M,МСФО,1000000,RUB,-8571,,13075,,3864761,2110165,1754596,98612,400431,591145,605800,385611,377040,,310630,309697,,
LKOH,2019,12,6M,РСБУ,1000,RUB,-7854977,,21025090,,226052648,9979331,216073317,1057314,199286626,208936798,,208121058,200266081,,204902507,204902507,,
LKOH,2019,12,Q,МСФО,1000000,RUB,-4643,,6131,,1912439,1060155,852284,52974,177130,255945,278000,154915,150272,,119743,119310,,
LKOH,2019,12,Q,РСБУ,1000,RUB,-5142534,,9336518,,202361545,5268140,197093405,833104,187916854,203008517,,202192777,197050243,,196481732,196481732,,
LKOH,2019,12,Y,МСФО,1000000,RUB,-19222,,25134,,7841246,4308073,3533173,197172,821098,1227670,1236000,812576,793354,,642221,640178,,
LKOH,2019,12,Y,РСБУ,1000,RUB,-11407858,,44000052,,444471354,19597694,424873660,1420592,394135999,417369702,,416553962,405146104,,405759769,405759769,,
LKOH,2020,3,Q,МСФО,1000000,RUB,-5438,,4811,,1665985,971675,694310,45109,40125,93750,150800,-16968,-22406,,-45784,-45960,,
LKOH,2020,3,Q,РСБУ,1000,RUB,-5088208,,8091041,,61095816,5221738,55874078,151088,48649555,19619176,,19619176,14530968,,14305552,14305552,,
LKOH,2020,6,6M,МСФО,1000000,RUB,-14076,,7496,,2652412,1366645,1285767,97521,83816,197320,295300,-14123,-28199,,-64241,-64680,,
LKOH,2020,6,6M,РСБУ,1000,RUB,-9027451,,15772877,,173880311,9285385,164594926,329783,150028310,118360398,,118360398,109332947,,109188911,109188911,,
LKOH,2020,6,Q,МСФО,1000000,RUB,-8638,,2685,,986427,394970,591457,52412,43691,103570,144500,2845,-5793,,-18457,-18720,,
LKOH,2020,6,Q,РСБУ,1000,RUB,-3939243,,7681836,,112784495,4063647,108720848,178695,101378755,98741222,,98741222,94801979,,94883359,94883359,,
LKOH,2020,9,9M,МСФО,1000000,RUB,-22148,,11121,,4109062,2157305,1951757,143009,182600,374999,497500,60117,37969,,-13329,-14260,,
LKOH,2020,9,9M,РСБУ,1000,RUB,-13731153,,22797608,,183883677,13653530,170230147,469426,147750831,91547594,,91547594,77816441,,77587636,77587636,,
LKOH,2020,9,Q,МСФО,1000000,RUB,-8072,,3625,,1456650,790660,665990,45488,98784,177679,202200,74240,66168,,50912,50420,,
LKOH,2020,9,Q,РСБУ,1000,RUB,-4703702,,7024731,,10003366,4368145,5635221,139643,-2277479,-26812804,,-26812804,-31516506,,-31601275,-31601275,,
LKOH,2020,12,6M,МСФО,1000000,RUB,-16995,,5555,,2986989,1634271,1352718,101506,197838,337978,391800,143981,126986,,80874,79855,,
LKOH,2020,12,6M,РСБУ,1000,RUB,-9165304,,12557817,,148931655,6613394,142318261,317423,125844671,95213850,,94331146,85165842,,88370200,88370200,,
LKOH,2020,12,Q,МСФО,1000000,RUB,-8923,,1930,,1530339,843611,686728,56018,99054,160299,189600,69741,60818,,29962,29435,,
LKOH,2020,12,Q,РСБУ,1000,RUB,-4461602,,5533086,,138928289,2245249,136683040,177780,128122150,121143950,,121143950,116682348,,119971475,119971475,,
LKOH,2020,12,Y,МСФО,1000000,RUB,-31071,,13051,,5639401,3000916,2638485,199027,281654,535298,687100,129858,98787,,16633,15175,,
LKOH,2020,12,Y,РСБУ,1000,RUB,-18192755,,28330694,,322811966,15898779,306913187,647206,275872981,213574248,,212691544,194498789,,197559111,197559111,,
LKOH,2021,3,Q,МСФО,1000000,RUB,-7187,,2164,,1876483,1029125,847358,46032,200666,319880,314400,206166,198979,,157967,157427,,
LKOH,2021,3,Q,РСБУ,1000,RUB,-3897491,,4902160,,330917569,276302039,54615530,18634298,28579840,19933370,,19933370,16035879,,12801734,12801734,,
LKOH,2021,6,6M,МСФО,1000000,RUB,-13775,,4865,,4078367,2243508,1834859,100401,433994,662972,654200,442744,428969,,348363,347177,,
LKOH,2021,6,6M,РСБУ,1000,RUB,-8210674,,10269404,,910364256,668813729,241550527,45999838,179693484,160126011,,160126011,151915337,,145564651,145564651,,
LKOH,2021,6,Q,МСФО,1000000,RUB,-6588,,2701,,2201884,1214383,987501,54369,233328,343092,339800,236578,229990,,190396,189750,,
LKOH,2021,6,Q,РСБУ,1000,RUB,-4313183,,5367244,,579446687,392511690,186934997,27365540,151113644,140192641,,140192641,135879458,,132762917,132762917,,
LKOH,2021,9,9M,МСФО,1000000,RUB,-18380,,9506,,6667112,3817678,2849434,155867,681767,1017148,1009400,689517,671137,,541482,539652,,
LKOH,2021,9,9M,РСБУ,1000,RUB,-12968799,,16693603,,1534297556,1098861273,435436283,72300416,338791601,317877009,,317877009,304908210,,286265893,286265893,,
LKOH,2021,9,Q,МСФО,1000000,RUB,-4605,,4641,,2588745,1574170,1014575,55466,247773,354176,355200,246773,242168,,193119,192475,,
LKOH,2021,9,Q,РСБУ,1000,RUB,-4758125,,6424199,,623933300,430047544,193885756,26300578,159098117,157750998,,157750998,152992873,,140701242,140701242,,
LKOH,2021,12,6M,МСФО,1000000,RUB,-7274,,11654,,5356776,3241316,2115460,114789,544951,750507,,545269,537995,,427150,426265,,
LKOH,2021,12,6M,РСБУ,1000,RUB,-8345720,,15081955,,1478953034,876623167,602329867,55269731,528985175,535542612,,534614978,526269258,,490143736,490143736,,
LKOH,2021,12,Q,МСФО,1000000,RUB,-2669,,7013,,2768031,1667146,1100885,59323,297178,396331,,298496,295827,,234031,233790,,
LKOH,2021,12,Q,РСБУ,1000,RUB,-3587595,,8657756,,855019734,446575623,408444111,28969153,369887058,376863980,,376863980,373276385,,349442494,349442494,,
LKOH,2021,12,Y,МСФО,1000000,RUB,-21049,,16519,,9435143,5484824,3950319,215190,978945,1413479,,988013,966964,,775513,773442,,
LKOH,2021,12,Y,РСБУ,1000,RUB,-16556394,,25351359,,2389317290,1545436896,843880394,101269569,708678659,695668623,,694740989,678184595,,635708387,635708387,,
LKOH,2022,3,Q,РСБУ,1000,RUB,-1627827,,9950472,,723219554,531972930,191246624,27845373,154051173,163004034,,163004034,161376207,,133381296,133381296,,
LKOH,2022,6,6M,РСБУ,1000,RUB,7362113,,20651902,,1743652060,1007197965,736454095,56356642,661860464,552055829,,552055829,559417942,,520528132,520528132,,
LKOH,2022,6,Q,РСБУ,1000,RUB,8989940,,10701430,,1020432506,475225035,545207471,28511269,507809291,389051795,,389051795,398041735,,387146836,387146836,,
LKOH,2022,9,9M,РСБУ,1000,RUB,20254752,,34947233,,2334540000,1425290871,909249129,85013951,798015045,692066982,,692066982,712321734,,647927331,647927331,,
LKOH,2022,9,Q,РСБУ,1000,RUB,12892639,,14295331,,590887940,418092906,172795034,28657309,136154581,140011153,,140011153,152903792,,127399199,127399199,,
LKOH,2022,12,6M,РСБУ,1000,RUB,28689428,,30778067,,1130385304,797832306,332552998,60983709,274206765,300271635,,296785700,325475128,,269591945,269591945,,
LKOH,2022,12,Q,РСБУ,1000,RUB,15796789,,16482736,,539497364,379739400,159757964,32326400,138052184,160260482,,156774547,172571336,,142192746,142192746,,
LKOH,2022,12,Y,РСБУ,1000,RUB,36051541,,51429969,,2874037364,1805030271,1069007093,117340351,936067229,852327464,,848841529,884893070,,790120077,790120077,,
LKOH,2023,3,Q,РСБУ,1000,RUB,8351205,,9922900,,455830504,309636160,146194344,26304389,110778425,120265989,,120265989,128617194,,104287205,104287205,,
LKOH,2023,6,6M,МСФО,1000000,RUB,11885,,28694,,3606535,1379187,2227348,113174,611801,950586,,691850,703735,,565441,564081,,
LKOH,2023,6,6M,РСБУ,1000,RUB,18514215,,21401562,,1248779074,705758265,543020809,56438383,467250065,497984443,,497984443,516498658,,463505712,463505712,,
LKOH,2023,6,Q,МСФО,1000000,RUB,7815,,15211,,1925537,774973,1150564,54978,316049,365300,,365300,373115,,302638,302492,580916,580693
LKOH,2023,6,Q,РСБУ,1000,RUB,10163010,,11478662,,792948570,396122105,396826465,30133994,356471640,377718454,,377718454,387881464,,359218507,359218507,,
LKOH,2023,9,9M,РСБУ,1000,RUB,29438191,,33769028,,2062741173,1309270801,753470372,85673219,638557533,687034079,,687034079,716472270,,638575075,638575075,,
LKOH,2023,9,Q,РСБУ,1000,RUB,10923976,,12367466,,813962099,603512536,210449563,29234836,171307468,189049636,,189049636,199973612,,175069363,175069363,,
LKOH,2023,12,6M,МСФО,1000000,RUB,30804,,50832,,4321768,1487553,2834215,174039,815896,992442,,673811,704615,,594830,590583,,
LKOH,2023,12,6M,РСБУ,1000,RUB,31213473,,34328965,,1504695929,1189420094,315275835,57834963,216500946,194229072,,190503922,221717395,,191783744,191783744,,
LKOH,2023,12,Q,РСБУ,1000,RUB,20289497,,21961499,,690733830,585907558,104826272,28600127,45193478,5179436,,1454286,21743783,,16714381,16714381,,
LKOH,2023,12,Y,МСФО,1000000,RUB,42689,,79526,,7928303,2866740,5061563,287213,1427697,1943028,,1365661,1408350,,1160271,1154664,,
LKOH,2023,12,Y,РСБУ,1000,RUB,49727688,,55730527,,2753475003,1895178359,858296644,114273346,683751011,692213515,,688488365,738216053,,655289456,655289456,,
LKOH,2024,3,Q,РСБУ,1000,RUB,18142744,,19952930,,664829462,526713431,138116031,25660980,93109402,90237669,,90237669,108380413,,89884539,89884539,,
LKOH,2024,6,6M,МСФО,1000000,RUB,40904,,60402,,4333568,1594146,2739422,154968,694187,963810,,673203,714107,,591542,590234,,
LKOH,2024,6,6M,РСБУ,1000,RUB,33844290,,37239484,,1470436875,1031648490,438788385,49632946,353747610,340933901,,340933901,374778191,,345829291,345829291,,
LKOH,2024,6,Q,МСФО,1000000,RUB,22031,,30642,,2273030,843465,1429565,75001,361769,,318805,318805,340836,,279861,279623,60884,60659
LKOH,2024,6,Q,РСБУ,1000,RUB,15701546,,17286554,,805607413,504935059,300672354,23971966,260638208,250696232,,250696232,266397778,,255944752,255944752,,
LKOH,2024,9,9M,РСБУ,1000,RUB,53905823,,58507373,,2123405021,1597914478,525490543,76002189,397542478,398744840,,398744840,452650663,,410564734,410564734,,
LKOH,2024,9,Q,РСБУ,1000,RUB,20061533,,21267889,,652968146,566265988,86702158,26369243,43794868,57810939,,57810939,77872472,,64735443,64735443,,
LKOH,2024,12,6M,МСФО,1000000,RUB,37266,,43907,,86997,-1191530,1278527,105931,363293,657580,,354741,392007,,260004,258280,,
LKOH,2024,12,6M,РСБУ,1000,RUB,51626755,,54329034,,1576506824,1131241315,445265509,55838440,351535184,356330120,,352767363,404394118,,386686923,386686923,,
LKOH,2024,12,Q,РСБУ,1000,RUB,31565222,,33061145,,923538678,564975327,358563351,29469197,307740316,298519181,,294956424,326521646,,321951480,321951480,,
LKOH,2024,12,Y,МСФО,1000000,RUB,78170,,104309,,4420565,402616,4017949,260899,1057480,1621390,,1027944,1106114,794407,851546,848514,1237282,1234222
LKOH,2024,12,Y,РСБУ,1000,RUB,85471045,,91568518,,3046943699,2162889805,884053894,105471386,705282794,697264021,,693701264,779172309,,732516214,732516214,,
LKOH,2025,3,Q,РСБУ,1000,RUB,17161895,,18850630,,584052023,525444938,58607085,27590755,13242595,3769990,,3769990,20931885,,16319798,16319798,,
LKOH,2025,6,6M,МСФО,1000000,RUB,38842,,55938,,3601697,1204151,2397546,277876,344681,637552,,375993,414835,,288566,287023,-451229,-452524
LKOH,2025,6,6M,РСБУ,1000,RUB,26210023,,32653890,,1398538772,982117980,416420792,62352343,320689020,320525364,,320525364,346735387,,327736355,327736355,,
LKOH,2025,6,Q,РСБУ,1000,RUB,9048128,,13803260,,814486749,456673042,357813707,34761588,307446425,316755374,,316755374,325803502,,311416557,311416557,,
LKOH,2025,9,9M,РСБУ,1000,RUB,29974884,,44620901,,1951880385,1433234200,518646185,94018056,374351536,350431766,,350431766,380406650,380406650,352479104,352479104,352479104,352479104
LKOH,2025,9,Q,РСБУ,1000,RUB,3764861,,11967011,,553341613,451116220,102225393,31665713,53662516,29906402,,29906402,33671263,,24742749,24742749,,
LKOH,2025,12,6M,МСФО,1000000,RUB,-16759,,19669,,166071,-815513,981584,71108,181965,82396,,-178759,-195518,,-1348425,-1351292,-1789567,-1792969
LKOH,2025,12,6M,РСБУ,1000,RUB,19027067,,32038313,,2054685763,896163048,1158522715,65750079,1063455365,-69888542,,-73332960,-54305893,,75998416,,,
LKOH,2025,12,Q,РСБУ,1000,RUB,15262206,,20071302,,1501344150,445046828,1056297322,34084366,1009792849,-99794944,,-103239362,-87977156,,51255667,,51128158,
LKOH,2025,12,Y,МСФО,1000000,RUB,22083,,75607,,3767768,388638,3379130,348984,526646,719948,,197234,219317,96652,-1059859,-1064269,-2240796,-2245493
LKOH,2025,12,Y,РСБУ,1000,RUB,45237090,,64692203,,3453224535,1878281028,1574943507,128102422,1384144385,250636822,,247192404,292429494,,403734771,,403607262,
LKOH,2025,12,YTM,МСФО,1000000,RUB,22083,,75607,,3767768,388638,3379130,348984,526646,719948,,197234,219317,96652,-1059859,-1064269,-2240796,-2245493
LKOH,2025,12,YTM,РСБУ,1000,RUB,45237090,,64692203,,3453224535,1878281028,1574943507,128102422,1384144385,250636822,,247192404,292429494,,403734771,,403607262,