code,year,month,period,type,amount,curr,cfo,depr_depl_amort,cfi,ppe_purchase,intangibles_purchase,capex,cff,payments_for_dividends,repurchase_of_stock,issuance_of_debt,payments_of_debt,fcf,fcf_adjusted,net_change_in_cash,cash_paid_for_interest,cash_paid_for_tax,ffo
ROSN,2011,12,Y,МСФО,1000000,RUB,487000,193000,-394000,,,391000,-56000,,,,,96000,99000,,,,
ROSN,2012,12,Y,МСФО,1000000,RUB,521000,206000,-452000,,,473000,73000,,,,,45000,,,,,
ROSN,2013,12,Y,МСФО,1000000,RUB,1216000,392000,-2220000,,,560000,965000,,,,,656000,,,,,
ROSN,2013,12,Y,РСБУ,1000,RUB,796577574,78636374,-2020686716,,,221358627,1177415748,,,1964382985,786967237,575218947,,,,,
ROSN,2014,3,Q,МСФО,1000000000,RUB,658,105,-345,104,,104,-404,,,40,300,554,121,,,,
ROSN,2014,3,Q,РСБУ,1000,RUB,,,,,,,,,,,,,,,,,
ROSN,2014,6,6M,МСФО,1000000000,RUB,902,214,-627,237,406,643,-441,,,68,343,259,233,,,,
ROSN,2014,6,6M,РСБУ,1000,RUB,,,,,,,,,,,,,,,,,
ROSN,2014,6,Q,МСФО,1000000000,RUB,244,109,-282,133,,539,-37,,,28,43,-295,112,,,,
ROSN,2014,6,Q,РСБУ,1000,RUB,,,,,,,,,,,,,,,,,
ROSN,2014,9,9M,МСФО,1000000000,RUB,1268,330,-856,370,460,830,-589,,,172,418,438,404,,,,
ROSN,2014,9,9M,РСБУ,1000,RUB,,,,,,,,,,,,,,,,,
ROSN,2014,9,Q,МСФО,1000000000,RUB,366,116,-229,133,54,187,-148,,,104,75,179,171,,,,
ROSN,2014,9,Q,РСБУ,1000,RUB,,,,,,,,,,,,,,,,,
ROSN,2014,12,6M,МСФО,1000000,RUB,724000,250000,-352000,,,-110000,-333000,,,,,337000,,,,,
ROSN,2014,12,6M,РСБУ,1000,RUB,,,,,,,,,,,,,,,,,
ROSN,2014,12,Q,МСФО,1000000,RUB,358000,134000,-123000,,,-297000,-185000,,,,,158000,,,,,
ROSN,2014,12,Q,РСБУ,1000,RUB,,,,,,,,,,,,,,,,,
ROSN,2014,12,Y,МСФО,1000000,RUB,1626000,464000,-979000,,,533000,-774000,,,,,596000,,,,,
ROSN,2014,12,Y,РСБУ,1000,RUB,1037919686,100025990,-1602198351,,,173273415,453380426,,,1910810190,1457429764,864646271,,,,,
ROSN,2015,3,Q,МСФО,1000000000,RUB,238,121,12,128,5,133,-349,,,670,811,105,130,,,,
ROSN,2015,3,Q,РСБУ,1000,RUB,,,,,,,,,,,,,,,,,
ROSN,2015,6,6M,МСФО,1000000000,RUB,569,244,-100,269,7,276,-478,,,812,1092,293,340,,,,
ROSN,2015,6,6M,РСБУ,1000,RUB,,,,,,,,,,,,,,,,,
ROSN,2015,6,Q,МСФО,1000000000,RUB,331,123,-112,141,2,143,-129,,,142,281,188,210,,,,
ROSN,2015,6,Q,РСБУ,1000,RUB,,,,,,,,,,,,,,,,,
ROSN,2015,9,9M,РСБУ,1000,RUB,,,,,,,,,,,,,,,,,
ROSN,2015,9,Q,РСБУ,1000,RUB,,,,,,,,,,,,,,,,,
ROSN,2015,12,6M,МСФО,1000000,RUB,1626000,206000,-713000,,,319000,-613000,,,,,1307000,,,,,
ROSN,2015,12,6M,РСБУ,1000,RUB,,,,,,,,,,,,,,,,,
ROSN,2015,12,Q,РСБУ,1000,RUB,,,,,,,,,,,,,,,,,
ROSN,2015,12,Y,МСФО,1000000,RUB,2195000,450000,-813000,,,595000,-1091000,,,,,1600000,,,,,
ROSN,2015,12,Y,РСБУ,1000,RUB,1274525571,114883206,-668129419,,,125986501,-382457584,,,2037853494,2420311078,1148539070,,,,,
ROSN,2016,3,Q,МСФО,1000000,RUB,210000,116000,129000,,,154000,55000,,,654000,555000,56000,80000,,42000,,
ROSN,2016,3,Q,РСБУ,1000,RUB,,,,,,,,,,,,,,,,,
ROSN,2016,6,6M,МСФО,1000000000,RUB,358,229,10,,,308,-29,,,767,792,50,141,,71,,
ROSN,2016,6,6M,РСБУ,1000,RUB,,,,,,,,,,,,,,,,,
ROSN,2016,6,Q,МСФО,1000000000,RUB,148,113,-119,,,154,-84,,,113,237,-6,61,,29,,
ROSN,2016,6,Q,РСБУ,1000,RUB,,,,,,,,,,,,,,,,,
ROSN,2016,9,9M,РСБУ,1000,RUB,,,,,,,,,,,,,,,,,
ROSN,2016,9,Q,РСБУ,1000,RUB,,,,,,,,,,,,,,,,,
ROSN,2016,12,6M,МСФО,1000000,RUB,321000,260000,-983000,,,401000,674000,,,,,252000,,,,,
ROSN,2016,12,6M,РСБУ,1000,RUB,,,,,,,,,,,,,,,,,
ROSN,2016,12,Q,РСБУ,1000,RUB,,,,,,,,,,,,,,,,,
ROSN,2016,12,Y,МСФО,1000000,RUB,679000,489000,-973000,,,709000,645000,,,,,302000,,,,,
ROSN,2016,12,Y,РСБУ,1000,RUB,-128566732,124222899,-103172017,,,166146373,565263079,,,2098509356,1533246277,-294713105,,,,,
ROSN,2017,3,Q,МСФО,1000000,RUB,163000,143000,-202000,,,192000,-105000,,,669000,737000,-29000,89000,,44000,,
ROSN,2017,3,Q,РСБУ,1000,RUB,,,,,,,,,,,,,,,,,
ROSN,2017,6,6M,МСФО,1000000000,RUB,204,285,-407,,,407,-126,,,1054,1151,-203,128,,97,,
ROSN,2017,6,6M,РСБУ,1000,RUB,,,,,,,,,,,,,,,,,
ROSN,2017,6,Q,МСФО,1000000000,RUB,41,142,-205,,,215,-21,,,385,414,-174,39,,53,,
ROSN,2017,6,Q,РСБУ,1000,RUB,,,,,,,,,,,,,,,,,
ROSN,2017,9,9M,РСБУ,1000,RUB,,,,,,,,,,,,,,,,,
ROSN,2017,9,Q,РСБУ,1000,RUB,,,,,,,,,,,,,,,,,
ROSN,2017,12,6M,МСФО,1000000,RUB,133000,301000,-755000,,,515000,507000,,,,,-382000,117000,,,,
ROSN,2017,12,6M,РСБУ,1000,RUB,,,,,,,,,,,,,,,,,
ROSN,2017,12,Q,РСБУ,1000,RUB,,,,,,,,,,,,,,,,,
ROSN,2017,12,Y,МСФО,1000000,RUB,337000,586000,-1162000,,,922000,381000,,,,,-585000,245000,,,,
ROSN,2017,12,Y,РСБУ,1000,RUB,-479141734,141504417,-1004902809,,,212862768,1046775317,,,4064309309,3017533992,-692004502,,,,,
ROSN,2018,3,Q,МСФО,1000000,RUB,271000,152000,-221000,,,223000,-67000,,,,,48000,142000,,,,
ROSN,2018,3,Q,РСБУ,1000,RUB,,,,,,,,,,,,,,,,,
ROSN,2018,6,6M,МСФО,1000000,RUB,619000,309000,-570000,,,452000,-90000,,,,,167000,363000,,,,
ROSN,2018,6,6M,РСБУ,1000,RUB,,,,,,,,,,,,,,,,,
ROSN,2018,6,Q,МСФО,1000000,RUB,348000,157000,-349000,,,229000,-23000,,,,,119000,221000,,,,
ROSN,2018,6,Q,РСБУ,1000,RUB,,,,,,,,,,,,,,,,,
ROSN,2018,9,9M,МСФО,1000000,RUB,1126000,472000,-748000,,,679000,-283000,,,,,447000,872000,,,,
ROSN,2018,9,9M,РСБУ,1000,RUB,,,,,,,,,,,,,,,,,
ROSN,2018,9,Q,МСФО,1000000,RUB,507000,163000,-178000,,,227000,-193000,,,,,280000,509000,,,,
ROSN,2018,9,Q,РСБУ,1000,RUB,,,,,,,,,,,,,,,,,
ROSN,2018,12,6M,МСФО,1000000,RUB,883000,326000,-229000,,,487000,-138000,,,,,396000,770000,,,,
ROSN,2018,12,6M,РСБУ,1000,RUB,,,,,,,,,,,,,,,,,
ROSN,2018,12,Q,МСФО,1000000,RUB,376000,163000,-51000,,,260000,55000,,,,,116000,261000,,,,
ROSN,2018,12,Q,РСБУ,1000,RUB,,,,,,,,,,,,,,,,,
ROSN,2018,12,Y,МСФО,1000000,RUB,1502000,635000,-799000,,,939000,-228000,,,,,563000,1133000,,,,
ROSN,2018,12,Y,РСБУ,1000,RUB,186582853,131827944,231729144,,,203655854,62615740,,,3401044264,3338428524,-17073001,,,,,
ROSN,2019,3,Q,МСФО,1000000,RUB,248000,174000,-224000,,,214000,-530000,,,,,34000,197000,,,,
ROSN,2019,3,Q,РСБУ,1000,RUB,,,,,,,,,,,,,,,,,
ROSN,2019,6,6M,МСФО,1000000,RUB,462000,338000,-389000,,,436000,-633000,,,,,26000,332000,,,,
ROSN,2019,6,6M,РСБУ,1000,RUB,,,,,,,,,,,,,,,,,
ROSN,2019,6,Q,МСФО,1000000,RUB,214000,164000,-165000,,,222000,-103000,,,,,-8000,135000,,,,
ROSN,2019,6,Q,РСБУ,1000,RUB,,,,,,,,,,,,,,,,,
ROSN,2019,9,9M,МСФО,1000000,RUB,768000,510000,-547000,,,634000,-809000,,,,,134000,613000,,,,
ROSN,2019,9,9M,РСБУ,1000,RUB,,,,,,,,,,,,,,,,,
ROSN,2019,9,Q,МСФО,1000000,RUB,306000,172000,-158000,,,198000,-176000,,,,,108000,281000,,,,
ROSN,2019,9,Q,РСБУ,1000,RUB,,,,,,,,,,,,,,,,,
ROSN,2019,12,6M,МСФО,1000000000,RUB,648,349,-340,,,418,-324,,,,,230,609,,,,
ROSN,2019,12,6M,РСБУ,1000,RUB,,,,,,,,,,,,,,,,,
ROSN,2019,12,Q,МСФО,1000000000,RUB,342,177,-182,,,220,-148,,,,,122,328,,,,
ROSN,2019,12,Q,РСБУ,1000,RUB,,,,,,,,,,,,,,,,,
ROSN,2019,12,Y,МСФО,1000000000,RUB,1110,687,-729,,,854,-957,,,,,256,941,,,,
ROSN,2019,12,Y,РСБУ,1000,RUB,-601269446,149353651,472888250,,,188557971,-321709981,,,3502514309,3824224290,-789827417,,,,,
ROSN,2020,3,Q,МСФО,1000000,RUB,341000,176000,-186000,,,185000,-131000,,,,,156000,219000,,,,
ROSN,2020,3,Q,РСБУ,1000,RUB,,,,,,,,,,,,,,,,,
ROSN,2020,6,6M,МСФО,1000000000,RUB,383,341,-365,,,367,-41,,,,,16,206,,,,
ROSN,2020,6,6M,РСБУ,1000,RUB,,,,,,,,,,,,,,,,,
ROSN,2020,6,Q,МСФО,1000000000,RUB,42,165,-179,,,182,90,,,,,-140,-13,,,,
ROSN,2020,6,Q,РСБУ,1000,RUB,,,,,,,,,,,,,,,,,
ROSN,2020,9,9M,МСФО,1000000000,RUB,625,501,-639,,,614,46,,,,,11,325,,,,
ROSN,2020,9,9M,РСБУ,1000,RUB,,,,,,,,,,,,,,,,,
ROSN,2020,9,Q,МСФО,1000000000,RUB,242,160,-274,,,247,87,,,,,-5,119,,,,
ROSN,2020,9,Q,РСБУ,1000,RUB,,,,,,,,,,,,,,,,,
ROSN,2020,12,6M,МСФО,1000000000,RUB,1362,322,-1329,,,418,571,,,,,944,219,,,,
ROSN,2020,12,6M,РСБУ,1000,RUB,,,,,,,,,,,,,,,,,
ROSN,2020,12,Q,МСФО,1000000000,RUB,1120,162,-1055,,,171,484,,,,,949,100,,,,
ROSN,2020,12,Q,РСБУ,1000,RUB,,,,,,,,,,,,,,,,,
ROSN,2020,12,Y,МСФО,1000000000,RUB,1745,663,-1694,,,785,530,,,,,960,425,,,,
ROSN,2020,12,Y,РСБУ,1000,RUB,-536890917,132707266,618497678,,,195984120,308624179,,,9062370952,8753746773,-732875037,,,,,
ROSN,2021,3,Q,МСФО,1000000,RUB,160000,155000,-165000,,,225000,-168000,,,,,-65000,190000,,,,
ROSN,2021,3,Q,РСБУ,1000,RUB,,,,,,,,,,,,,,,,,
ROSN,2021,6,6M,МСФО,1000000000,RUB,453,318,-409,,,462,-323,,,,,-9,505,,,,
ROSN,2021,6,6M,РСБУ,1000,RUB,,,,,,,,,,,,,,,,,
ROSN,2021,6,Q,МСФО,1000000000,RUB,293,163,-244,,,237,-155,,,,,56,315,,,,
ROSN,2021,6,Q,РСБУ,1000,RUB,,,,,,,,,,,,,,,,,
ROSN,2021,9,9M,МСФО,1000000000,RUB,930,489,-892,,,724,51,,,,,206,880,,,,
ROSN,2021,9,9M,РСБУ,1000,RUB,,,,,,,,,,,,,,,,,
ROSN,2021,9,Q,МСФО,1000000000,RUB,477,171,-483,,,262,374,,,,,215,375,,,,
ROSN,2021,9,Q,РСБУ,1000,RUB,,,,,,,,,,,,,,,,,
ROSN,2021,12,6M,МСФО,1000000000,RUB,713,350,-889,,,587,304,,,,,126,539,,,,
ROSN,2021,12,6M,РСБУ,1000,RUB,,,,,,,,,,,,,,,,,
ROSN,2021,12,Q,МСФО,1000000000,RUB,236,179,-406,,,325,-70,,,,,-89,164,,,,
ROSN,2021,12,Q,РСБУ,1000,RUB,,,,,,,,,,,,,,,,,
ROSN,2021,12,Y,МСФО,1000000000,RUB,1166,668,-1298,,,1049,-19,314,,765,693,117,1044,,,,
ROSN,2021,12,Y,РСБУ,1000,RUB,-305412637,105464556,1023878126,,,233505250,-805352689,,,3833321200,4638673889,-538917887,,,,,
ROSN,2023,6,6M,МСФО,1000000000,RUB,984,375,-569,,,599,-415,,,430,391,385,434,,,,
ROSN,2023,6,6M,РСБУ,1000,RUB,,,,,,,,,,,,,,,,,
ROSN,2023,9,9M,МСФО,1000000000,RUB,1946,581,-842,,,909,-1127,,,498,830,1037,,,,,
ROSN,2023,9,9M,РСБУ,1000,RUB,,,,,,,,,,,,,,,,,
ROSN,2023,9,Q,МСФО,1000000000,RUB,962,206,-273,,,310,-712,,,68,439,652,,,,,
ROSN,2023,9,Q,РСБУ,1000,RUB,,,,,,,,,,,,,,,,,
ROSN,2023,12,6M,МСФО,1000000000,RUB,1781,394,-624,,,698,-1122,,,443,1048,1083,993,,,,
ROSN,2023,12,6M,РСБУ,1000,RUB,,,,,,,,,,,,,,,,,
ROSN,2023,12,Q,МСФО,1000000000,RUB,819,188,-351,,,388,-410,,,375,609,431,,,,,
ROSN,2023,12,Q,РСБУ,1000,RUB,,,,,,,,,,,,,,,,,
ROSN,2023,12,Y,МСФО,1000000000,RUB,2765,769,-1193,,,1297,-1537,,,873,1439,1468,1427,,,,
ROSN,2023,12,Y,РСБУ,1000,RUB,,,,,,,,,,,,,,,,,
ROSN,2024,3,Q,МСФО,1000000000,RUB,444,200,-268,,,269,-324,,,315,194,175,,,,,
ROSN,2024,3,Q,РСБУ,1000,RUB,,,,,,,,,,,,,,,,,
ROSN,2024,6,6M,МСФО,1000000000,RUB,1087,402,-684,,,696,-469,,,661,493,391,700,,,,
ROSN,2024,6,6M,РСБУ,1000,RUB,,,,,,,,,,,,,,,,,
ROSN,2024,6,Q,МСФО,1000000000,RUB,643,202,-416,,,427,-145,,,346,299,216,,,,,
ROSN,2024,6,Q,РСБУ,1000,RUB,,,,,,,,,,,,,,,,,
ROSN,2024,9,9M,МСФО,1000000000,RUB,1770,616,-1030,,,1052,-737,,,1628,1204,718,1075,,,,
ROSN,2024,9,9M,РСБУ,1000,RUB,,,,,,,,,,,,,,,,,
ROSN,2024,9,Q,МСФО,1000000000,RUB,683,214,-346,,,356,-268,,,967,711,327,375,,,,
ROSN,2024,9,Q,РСБУ,1000,RUB,,,,,,,,,,,,,,,,,
ROSN,2024,12,6M,МСФО,1000000000,RUB,1378,446,-745,,,746,-237,,,1027,487,632,595,,,,
ROSN,2024,12,6M,РСБУ,1000,RUB,,,,,,,,,,,,,,,,,
ROSN,2024,12,Q,МСФО,1000000000,RUB,695,232,-399,,,390,31,,,60,-224,305,220,,,,
ROSN,2024,12,Q,РСБУ,1000,RUB,,,,,,,,,,,,,,,,,
ROSN,2024,12,Y,МСФО,1000000000,RUB,2465,848,-1429,,,1442,-706,,,1688,980,1023,1295,330,,,
ROSN,2024,12,Y,РСБУ,1000,RUB,,,,,,,,,,,,,,,,,
ROSN,2025,3,Q,МСФО,1000000000,RUB,365,231,-403,,,382,140,,,1003,493,-17,,,,,
ROSN,2025,6,6M,МСФО,1000000000,RUB,916,457,-760,,,769,-135,,,1580,1016,147,173,21,,,
ROSN,2025,6,6M,РСБУ,1000,RUB,,,,,,,,,,,,,,,,,
ROSN,2025,6,Q,МСФО,1000000000,RUB,551,226,-357,,,387,-275,,,577,523,164,,,,,
ROSN,2025,9,9M,МСФО,1000000000,RUB,,713,,,,1118,,,,,,-1118,591,,,,
ROSN,2025,9,9M,РСБУ,1000,RUB,,,,,,,,,,,,,,,,,
ROSN,2025,9,Q,МСФО,1000000000,RUB,,256,,,,349,,,,,,-1265,418,,,,
ROSN,2025,9,Q,РСБУ,1000,RUB,,,,,,,,,,,,,,,,,
ROSN,2025,12,6M,МСФО,1000000000,RUB,,512,,,,,,,,,,,,,,,
ROSN,2025,12,6M,РСБУ,1000,RUB,,,,,,,,,,,,,,,,,
ROSN,2025,12,Q,МСФО,1000000000,RUB,,256,,,,,,,,,,,,,,,
ROSN,2025,12,Q,РСБУ,1000,RUB,,,,,,,,,,,,,,,,,
ROSN,2025,12,Y,МСФО,1000000000,RUB,,969,,,,,,,,,,,,,,,
ROSN,2025,12,Y,РСБУ,1000,RUB,,,,,,,,,,,,,,,,,
ROSN,2025,12,YTM,МСФО,1000000000,RUB,,969,,,,,,,,,,,,,,,
ROSN,2025,12,YTM,РСБУ,1000,RUB,,,,,,,,,,,,,,,,,