time,equity
2021-12-14,1000000.0
2021-12-24,1003635.2000000002
2021-12-27,994774.4000000001
2021-12-28,1004089.5999999999
2021-12-29,1016812.8
2021-12-30,1008860.8000000002
2022-02-01,1049847.9894937603
2022-02-02,1013663.9862688002
2022-02-03,964031.0614912001
2022-02-04,930088.5451916801
2022-02-07,931689.6072812801
2022-02-08,976519.3457900801
2022-02-09,1016866.1104480001
2022-02-10,972676.7967750401
2022-02-11,936492.7935500802
2022-02-14,954424.6889536002
2022-02-15,988687.4176710402
2022-02-16,984204.4438201602
2022-02-17,941616.1922368002
2022-02-18,895505.6040563202
2022-02-21,672637.7611840002
2022-02-22,576894.2482259201
2022-02-24,850355.6531296002
2022-02-25,871169.4602944001
2022-03-29,528542.1731200002
2022-03-30,449449.70589376014
2022-03-31,455552.9101894402
2022-04-01,446879.93566400016
2022-04-04,430658.26108864014
2022-04-05,403515.06303680013
2022-04-06,403354.45239744015
2022-04-07,395323.92042944016
2022-04-08,399981.6289708802
2022-04-11,392111.70764224016
2022-04-12,376693.08626368013
2022-04-13,375086.97987008013
2022-04-14,404478.72687296016
2022-04-15,410581.93116864015
2022-04-18,407851.55029952014
2022-04-19,411063.76308672014
2022-04-20,398375.5225772801
2022-04-21,408333.3822176002
2022-04-22,400082.31327872025
2022-04-25,355756.80339776026
2022-04-26,348465.1610796803
2022-04-27,296848.0088806403
2022-04-28,277611.05114624026
2022-04-29,274175.8801222403
2022-05-04,265794.06282368023
2022-05-05,265244.4354598403
2022-05-06,257412.2455251203
2022-05-11,254251.88818304025
2022-05-12,232541.60731136025
2022-05-13,232129.38678848025
2022-05-16,225259.04474048025
2022-05-17,219625.36426112024
2022-05-18,230684.49635072023
2022-05-19,222328.70766080028
2022-05-20,215324.59067072024
2022-05-23,212129.73028928027
2022-05-24,206354.40575360027
2022-05-25,212006.85104384026
2022-05-26,216061.86614336024
2022-05-27,213358.52274368025
2022-05-30,209180.62839872023
2022-05-31,206600.16424448023
2022-06-01,205002.73405376024
2022-06-02,202176.51140864025
2022-06-03,189274.19063744025
2022-06-06,201439.23593600027
2022-06-07,206231.52650816028
2022-06-08,200210.44348160026
2022-06-09,206968.80198080026
2022-06-14,213112.76425280026
2022-06-15,193574.96422784028
2022-06-16,201800.81164672025
2022-06-17,198202.00340096027
2022-06-20,199487.29206016025
2022-06-21,193060.84876416024
2022-06-22,188433.80959104025
2022-06-23,199872.87865792026
2022-06-24,194860.25288704026
2022-06-27,203471.68690368024
2022-06-28,217738.39102080025
2022-06-29,208484.31267456023
2022-06-30,194603.19515520023
2022-07-01,194988.78175296023
2022-07-04,203086.10030592026
2022-07-05,202571.98484224026
2022-07-06,206556.37968576024
2022-07-07,214139.58277504027
2022-07-08,211569.00545664027
2022-07-11,207841.66834496023
2022-07-12,205785.20649024023
2022-07-13,198073.47453504027
2022-07-18,188819.39618880028
2022-07-19,187298.0341024003
2022-07-20,185074.50489920026
2022-07-21,182499.89213760025
2022-07-22,186478.83913280026
2022-07-25,211054.68822080025
2022-07-26,240194.62356800027
2022-07-27,234343.2309280003
2022-07-28,242769.23632960027
2022-07-29,239609.48430400027
2022-08-01,229076.9775520003
2022-08-02,214214.4402464003
2022-08-03,235747.56516160027
2022-08-04,242418.15277120026
2022-08-05,227087.5040544003
2022-08-08,212927.1338656003
2022-08-09,229559.6165587203
2022-08-10,238340.7409619203
2022-08-11,210447.7575635203
2022-08-12,216129.6615891203
2022-08-15,219745.4186963203
2022-08-16,218299.1158534403
2022-08-17,215303.2028217603
2022-08-18,217059.4277024003
2022-08-19,217989.19381568028
2022-08-22,214166.82201664028
2022-08-23,200736.8670470403
2022-08-24,192315.70417728028
2022-08-25,190434.38055744028
2022-08-26,188821.81745472027
2022-08-29,190523.96739648026
2022-08-30,192226.1173382403
2022-08-31,192763.63837248026
2022-09-01,195451.24354368026
2022-09-02,196526.28561216025
2022-09-05,191151.07526976024
2022-09-06,197242.98032448028
2022-09-08,195003.30934848025
2022-09-09,188732.23061568025
2022-09-12,174846.27056448025
2022-09-13,172531.94388928026
2022-09-14,173651.77937728027
2022-09-15,181042.69359808028
2022-09-19,205529.76293568028
2022-09-20,184178.23296448027
2022-09-21,167231.38924608027
2022-09-22,159019.26233408027
2022-09-23,177608.53143488028
2022-09-26,211054.2846764803
2022-09-27,194182.09665728032
2022-09-28,199184.02850368028
2022-09-29,201423.69947968028
2022-09-30,198736.09430848027
2022-10-03,187911.0179244803
2022-10-04,188582.91921728032
2022-10-06,186992.55105216024
2022-10-07,174621.4963782403
2022-10-10,164183.4189971203
2022-10-11,173187.50163712027
2022-10-12,183563.63496512032
2022-10-13,188880.33138112028
2022-10-14,188451.56554112028
2022-10-17,195397.5721491203
2022-10-18,184249.66030912029
2022-10-19,187165.26802112028
2022-10-20,186736.50218112028
2022-10-21,189137.59088512033
2022-10-24,187851.29336512033
2022-10-25,192396.21126912028
2022-10-26,193253.7429491203
2022-10-27,191538.6795891203
2022-10-28,191624.4327571203
2022-10-31,194454.2873011203
2022-11-01,201228.7875731203
2022-11-02,192996.48344512034
2022-11-03,195483.3253171203
2022-11-07,201657.5534131203
2022-11-08,204401.6547891203
2022-11-09,199170.71154112028
2022-11-10,215635.3197971203
2022-11-11,214520.5286131203
2022-11-14,223610.3644211203
2022-11-15,213662.9969331203
2022-11-16,218036.4085011203
2022-11-17,216835.8641491203
2022-11-21,210232.87021312027
2022-11-22,205344.9396371203
2022-11-23,203458.3699411203
2022-11-24,202943.8509331203
2022-11-25,206373.9776531203
2022-11-28,207660.2751731203
2022-11-29,206116.71814912028
2022-11-30,203115.3572691203
2022-12-01,205087.6801331203
2022-12-02,207317.26250112028
2022-12-05,206631.23715712028
2022-12-06,211090.40189312032
2022-12-07,212462.4525811203
2022-12-09,218207.91483712028
2022-12-12,219494.21235712027
2022-12-13,221466.53522112028
2022-12-14,230299.1115251203
2022-12-15,231070.8900371203
2022-12-16,230470.6178611203
2022-12-19,234415.2635891203
2022-12-20,227555.0101491203
2022-12-21,231585.4090451203
2022-12-22,222667.07957312028
2022-12-23,217941.1720416003
2022-12-26,218712.74878144028
2022-12-27,219002.09005888028
2022-12-28,212925.92323264029
2022-12-29,213408.15869504027
2022-12-30,215631.0825817603
2023-01-06,213717.1410927646
2023-01-09,215822.47673065987
2023-01-10,215248.29428396115
2023-01-11,221468.60412319718
2023-01-12,224626.6075800401
2023-01-13,226540.54906903583
2023-01-16,234387.7091739182
2023-01-17,226923.33736683495
2023-01-18,228167.3993346822
2023-01-19,223765.33390999204
2023-01-20,224052.4251333414
2023-01-23,230655.52327037652
2023-01-24,227019.03444128475
2023-01-25,228932.97593028043
2023-01-26,227880.3081113328
2023-01-27,227306.1256646341
2023-01-30,230751.22034482638
2023-01-31,233622.13257831987
2023-02-01,233909.2238016693
2023-02-02,235440.37699286581
2023-02-03,232186.6764615731
2023-02-06,236110.25651401433
2023-02-07,234866.19454616713
2023-02-08,233335.04135497057
2023-02-10,230177.0378981276
2023-03-02,224507.66547488797
2023-03-03,226680.92490379655
2023-03-06,231405.40192316292
2023-03-07,229988.05881735298
2023-03-09,230838.46468083895
2023-03-10,229421.12157502904
2023-03-13,235184.98353865603
2023-03-14,239625.99193686034
2023-03-15,236791.30572524056
2023-03-16,229232.14249425437
2023-03-17,227909.28892883175
2023-03-20,228759.69479231772
2023-04-19,222623.48107528858
2023-04-20,226399.61259346036
2023-04-21,226871.62903323182
2023-04-24,226021.99944164313
2023-04-25,225927.59615368888
2023-04-26,230175.74411163214
2023-04-27,236878.37755638704
2023-04-28,234423.89206957538
2023-05-02,228570.8882164091
2023-05-03,218469.73640529957
2023-05-04,222906.69093915145
2023-05-15,236843.0140588437
2023-05-16,234917.60099625456
2023-05-17,234734.22832362706
2023-05-18,233633.9922878619
2023-05-19,247753.6880801816
2023-05-22,245186.47066339615
2023-05-23,244086.23462763103
2023-05-24,248945.61045226056
2023-05-25,248303.8060980642
2023-05-26,256463.8900299892
2023-05-29,271225.3901765053
2023-05-30,262698.56089932524
2023-05-31,263523.73792614904
2023-06-01,262423.50189038395
2023-06-02,283603.04557886353
2023-06-05,280577.3964805093
2023-06-06,288737.48041243426
2023-06-07,290479.5208023959
2023-06-08,294055.2879186327
2023-06-09,291488.07050184725
2023-06-13,290846.2661476509
2023-06-14,288829.1667487481
2023-06-15,285986.89032302133
2023-06-16,283694.73191517725
2023-07-17,293644.98509469605
2023-07-18,290299.64135330607
2023-07-19,287040.07565656723
2023-07-20,282493.83929006296
2023-07-21,287983.63414772844
2023-07-24,292358.3144249307
2023-07-25,291586.31202307146
2023-07-26,290042.3072193531
2023-07-27,299134.7799523616
2023-07-28,309428.1453104845
2023-07-31,307369.47223886
2023-08-01,312945.04514117655
2023-08-02,310114.36966769275
2023-08-03,320750.84720441967
2023-08-04,313030.8231858275
2023-08-07,309599.7013997865
2023-08-08,313545.4914537337
2023-08-09,335418.8928397449
2023-08-10,326669.5322853404
2023-08-11,331215.76865184476
2023-08-14,315003.7182128011
2023-08-15,316461.9449718685
2023-11-07,315261.3111040532
2023-11-08,309058.03612034116
2023-11-09,302454.5498473573
2023-11-10,296751.53897523496
2023-11-13,304255.5006490802
2023-11-14,299352.9123555013
2023-11-15,303755.2365374905
2023-11-16,302254.44420272147
2023-11-17,307657.29660789005
2023-11-20,314660.99417014566
2023-11-21,318463.0014182272
2023-11-22,319863.7409306784
2023-11-23,314160.73005855596
2023-11-24,313360.3074800125
2023-11-27,307056.9796739824
2023-11-28,315761.5752156429
2023-11-29,313160.20183537656
2023-11-30,306956.9268516645
2023-12-01,301454.021624178
2023-12-04,297952.1728430502
2023-12-05,300953.7575125883
2023-12-20,300016.797332554
2023-12-21,293458.0760723142
2023-12-22,294395.0362523484
2023-12-25,293145.7560123027
2023-12-26,288044.5283654495
2023-12-27,288148.63505211996
2023-12-28,293666.28944565513
2023-12-29,289710.23535217706
2024-02-09,290761.5358542231
2024-02-12,285066.9914681407
2024-02-13,277007.0209524548
2024-02-14,280598.96433444525
2024-02-15,284015.69096609467
2024-02-16,290235.88560320006
2024-02-19,290060.6688528591
2024-02-20,296981.73049132846
2024-02-21,299434.76499610237
2024-02-22,298821.5063699089
2024-02-26,290498.71072871157
2024-02-27,295054.34623757744
2024-02-28,298383.4644940564
2024-02-29,293477.3954845085
2024-03-01,291374.7944804165
2024-03-05,290936.75260456407
2024-03-06,293389.78710933804
2024-03-07,292426.0949824625
2024-03-11,292688.92010797403
2024-03-12,295579.9964886005
2024-03-13,297682.5974926924
2024-03-14,301887.79950087634
2024-03-15,303464.7502539453
2024-03-18,297244.5556168399
2024-03-19,302413.44975189934
2024-03-20,304516.0507559913
2024-03-21,303114.31675326335
2024-03-22,314328.1887750871
2024-03-25,313189.27989787055
2024-03-26,308633.64438900474
2024-03-27,310210.59514207375
2024-03-28,312751.2380220181
2024-03-29,312225.58777099516
2024-04-02,310035.3783917327
2024-04-03,301099.32412434183
2024-04-04,308020.3857628113
2024-04-09,314678.62227576907
2024-04-10,314503.40552542807
2024-04-11,316868.83165503154
2024-04-12,313014.06314752967
2024-04-15,312576.02127167716
2024-04-16,312838.84639718867
2024-04-17,311605.3760991533
2024-04-18,310063.538226609
2024-04-19,309035.64631157945
2024-04-22,312530.4788226798
2024-04-23,308418.9111625617
2024-04-24,305849.1813749878
2024-04-25,309755.17065210006
2024-04-26,306054.75975799386
2024-04-27,301943.1920978757
2024-04-29,303176.6623959112
2024-04-30,306774.28409851453
2024-05-02,306671.49490701157
2024-05-03,302662.7164383964
2024-05-06,309960.74903510604
2024-05-07,306568.7057155086
2024-05-08,307288.2300560293
2024-05-10,308316.12197105883
2024-05-13,306877.07329001743
2024-05-14,293514.4783946336
2024-05-15,299736.9907136218
2024-05-16,298084.1358788905
2024-05-17,308292.94515223056
2024-05-20,303917.741177942
2024-05-21,297306.32183901704
2024-05-22,293417.2516396494
2024-05-23,298375.8161438431
2024-05-24,282625.0818364043
2024-05-27,274166.3541527796
2024-05-28,271152.3247482697
2024-05-29,270180.0571984278
2024-05-30,276402.56951741595
2024-05-31,278249.8778621156
2024-06-03,274749.71468268475
2024-06-04,274846.941437669
2024-06-05,277569.2905772263
2024-06-07,274458.03441773215
2024-06-10,276110.8892524635
2024-06-11,278930.465147005
2024-06-13,281166.6805116414
2024-06-14,278541.5581270682
2024-06-17,282819.5353463726
2024-06-18,291375.4897849814
2024-06-19,304209.4214428945
2024-06-20,294097.83892453875
2024-06-21,299931.44422359014
2024-06-24,304890.00872778386
2024-06-25,298959.17667374824
2024-06-26,296820.188064096
2024-06-28,303917.74117794196
2024-07-02,293806.15865958616
2024-07-03,301000.93852841615
2024-07-04,294848.4202022891
2024-07-05,300527.6678879449
2024-07-08,304787.10365218675
2024-07-09,319103.54052644403
2024-07-10,333419.9774007013
2024-07-11,318748.5875460906
2024-07-12,320759.9877680937
2024-07-15,327859.04737516347
2024-07-16,322179.7996895076
2024-07-17,328095.68269539904
2024-07-18,320641.6701079758
2024-07-19,315672.328383027
2024-07-22,314370.8341217309
2024-07-23,315857.1635131817
2024-07-24,315586.9218056452
2024-07-25,319235.1848573881
2024-07-26,311398.1753388292
2024-07-29,301399.23215997836
2024-07-30,308695.75826346414
2024-07-31,309371.3625323054
2024-08-01,303696.28667403874
2024-08-02,303020.68240519747
2024-08-05,296129.51886301645
2024-08-06,308020.1539946229
2024-08-07,305993.341188099
2024-08-08,295994.39800924814
2024-08-09,294237.8269102609
2024-08-12,288832.9927595306
2024-08-13,286671.05909923854
2024-08-14,280455.4998258988
2024-08-15,283968.64202387346
2024-08-16,287211.54251431156
2024-08-19,288697.87190576235
2024-08-20,293697.3434951878
2024-08-21,303290.9241127339
2024-08-22,313560.10899912135
2024-08-23,307885.0331408546
2024-08-26,305047.4952117212
2024-08-27,315316.68009810866
2024-08-28,318964.9431498516
2024-08-29,316667.88863579126
2024-08-30,326801.9526684104
2024-09-02,342070.6091442233
2024-09-03,339233.0712150898
2024-09-04,325720.9858382643
2024-09-05,331936.5451116041
2024-09-06,325045.3815694231
2024-09-09,311263.05448506103
2024-09-10,302501.2898952581
2024-09-11,285651.7426071755
2024-09-12,286999.70639022207
2024-09-13,296435.45287154836
2024-09-16,299973.8578020457
2024-09-17,301321.8215850923
2024-09-18,301153.32611221145
2024-09-19,301490.3170579731
2024-09-20,311431.54995794187
2024-09-23,315475.44130708167
2024-09-24,319350.8371833407
2024-09-25,310757.5680664186
2024-09-26,305871.19935287465
2024-09-27,304691.73104270885
2024-09-30,294750.4981427401
2024-10-01,295592.9755071442
2024-10-03,286494.2199715796
2024-10-04,283629.79693260556
2024-10-07,283461.3014597247
2024-10-08,282450.32862243976
2024-10-09,286157.22902581794
2024-10-10,285988.7335529371
2024-10-14,291380.58868512354
2024-10-15,298457.3985461183
2024-10-16,294245.0117240976
2024-10-18,289358.6430105536
2024-10-21,288347.6701732687
2024-10-22,284472.2742970097
2024-10-23,276552.9870716108
2024-10-24,277900.9508546575
2024-10-25,259197.9533648858
2024-10-28,263915.8266055489
2024-10-29,259703.43978352824
2024-10-30,268465.2043733312
2024-10-31,275710.50970720674
2024-11-01,272340.60024959024
2024-11-02,275036.52781568345
2024-11-05,271161.13193942443
2024-11-06,269644.672683497
2024-11-07,261556.88998521733
2024-11-08,248245.74762763205
2024-11-11,249948.7802751263
2024-11-12,241898.08048697168
2024-11-13,241743.2593371995
2024-11-14,240195.04783947745
2024-11-15,244994.50348241578
2024-11-18,236634.1613947168
2024-11-19,229822.0308047399
2024-11-20,220532.76181840766
2024-11-21,217126.69652341914
2024-11-22,223629.18481385167
2024-11-25,230596.13655360084
2024-11-26,245613.78808150458
2024-11-27,231679.88460200623
2024-11-28,225951.50206043472
2024-11-29,221152.04641749646
2024-12-02,219758.6560695466
2024-12-03,234311.8441481337
2024-12-04,242052.90163674386
2024-12-05,231525.06345223403
2024-12-06,233073.27494995607
2024-12-09,228428.64045679
2024-12-10,216226.85653241526
2024-12-11,212274.1659653643
2024-12-12,205647.91346238932
2024-12-13,203825.69402407116
2024-12-16,195199.45588236593
2024-12-17,196827.04798457446
2024-12-18,188851.8466837527
2024-12-19,188200.80984286926
2024-12-20,221837.90642866914
2024-12-23,219868.1665385097
2024-12-24,215322.612945834
2024-12-25,225171.31239663126
2024-12-26,218201.4635545286
2024-12-27,222140.9433348475
2024-12-28,223656.12786573937
2024-12-30,236686.71483140957
2025-02-26,224487.3135008831
2025-02-27,221739.09671763264
2025-02-28,223615.9276915598
2025-03-02,223548.89801391953
2025-03-03,215304.24766416816
2025-04-23,213813.47639080253
2025-04-24,214048.86132870236
2025-04-25,222522.7190930965
2025-04-26,221895.0259253636
2025-04-28,214127.32297466896
2025-04-29,206987.31319170728
2025-04-30,210596.5489061714
2025-05-02,198199.60884344668
2025-05-03,199690.38011681233
2025-05-04,200396.53493051184
2025-05-05,198278.07048941328
2025-05-06,201651.92126597764
2025-05-07,200788.8431603449
2025-05-08,201494.9979740444
2025-05-11,202985.76924741
2025-05-12,209968.85573843855
2025-05-13,207301.1597755737
2025-05-14,204319.61722884243
2025-05-15,202279.61443371055
2025-05-16,203064.23089337666
2025-05-17,206751.92825380745
2025-05-18,207928.85294330664
2025-05-19,204241.15558287586
2025-05-20,202201.1527877439
2025-05-21,199219.61024101268
2025-05-22,197571.9156757138
2025-05-23,196159.6060483148
2025-05-26,189647.28943308594
2025-05-27,201416.53632807775
2025-05-28,205888.85014817468
2025-05-29,201730.38291194427
2025-05-30,204633.4638127089
2025-05-31,205182.6953344752
2025-06-01,198513.45542731317
2025-06-03,218128.86691896623
2025-06-04,221188.87111166405
2025-06-05,223464.25884469584
2025-06-06,214755.01614240187
2025-06-07,216402.71070770075
2025-06-08,213735.0147448359
2025-06-09,213970.39968273576
2025-06-10,212950.39828516977
2025-06-11,202828.84595547683
2025-06-13,202122.69114177732
2025-06-14,203691.92406110957
2025-06-15,204084.23229094263
2025-06-16,201338.0746821112
2025-06-17,206124.2350860745
2025-06-18,209341.16257070564
2025-06-19,207615.0063594402
2025-06-20,202514.99937161038
2025-06-23,198827.3020111796
2025-06-25,197140.27011387574
2025-06-26,197360.31775265452
2025-06-27,196700.17483631824
2025-06-29,197433.66696558078
2025-06-30,205428.73117454242
2025-07-01,206675.66779428875
2025-07-02,211883.46191205282
2025-07-03,214964.12885495546
2025-07-04,212543.60482838904
2025-07-05,211663.41427327401
2025-07-06,210856.57293108525
2025-07-07,208509.3981174451
2025-07-08,209096.19182085514
2025-07-09,222225.70093465457
2025-07-10,234328.32106748645
2025-07-11,236088.70217771656
2025-07-12,237188.94037161037
2025-07-13,233448.1305123714
2025-07-14,237849.08328794665
2025-07-15,242836.8297669319
2025-07-16,241369.8455084068
2025-07-17,236675.49588112658
2025-07-18,240196.25810158672
2025-07-19,241883.2899988906
2025-07-20,241296.49629548055
2025-07-21,247531.17939421214
2025-07-22,246357.5919873921
2025-07-23,243570.32189619445
2025-07-24,245037.3061547195
2025-07-25,238729.27384306167
2025-07-26,237922.4325008729
2025-07-27,236895.54351990533
2025-07-28,232714.63838310886
2025-07-29,230880.90805995252
2025-08-13,227845.09324951042
2025-08-14,225455.1964838432
2025-08-15,226230.29813757315
2025-08-16,222871.52430474357
2025-08-17,220933.77017041878
2025-08-18,224227.9521987709
2025-08-19,223840.40137190593
2025-08-20,221579.6882151937
2025-10-19,220298.17166641052
2025-10-20,226064.99613593484
2025-10-21,215812.86374566937
2025-10-22,209805.75492324817
2025-10-23,211327.55582492822
2025-10-24,208283.95402156818
2025-10-27,200434.66516027116
2025-10-28,211407.65060922713
2025-10-29,210606.70276623766
2025-10-30,212368.78802081457
2025-10-31,208043.6696686713
2025-11-01,208764.52272736188
2025-11-03,213890.5889224946
2025-11-05,214611.4419811851
2025-11-06,213570.2097852988
2025-11-08,214691.53676548408
2025-11-09,216373.52723576204
2025-11-10,217895.32813744206
2025-11-11,219016.65511762732
2025-11-12,220618.55080360628
2025-11-13,218215.7072746378
2025-11-14,216053.1480985662
2025-11-15,216533.71680435992
2025-11-16,215492.4846084736
2025-11-17,211567.84017782507
2025-11-18,216693.90637295783
2025-11-20,223261.67868547162
2025-11-21,220378.26645070946
2025-11-25,217574.94900024627
2025-11-26,215732.76896137043
2025-11-27,212849.35672660824
2025-11-28,218536.08641183362
2025-11-29,218856.46554902944
2025-11-30,219737.50817631788
2025-12-01,223662.15260696638
2025-12-02,221819.9725680905
2025-12-03,218295.8020589368
2025-12-04,229909.5457822844
2025-12-05,230870.68319387175
2025-12-08,235676.3702518087
2025-12-09,236877.79201629295
2025-12-10,234715.23284022135
2025-12-11,235275.896330314
2025-12-12,230470.20927237705
2025-12-13,230790.58840957284
2025-12-14,229428.97707649067
2025-12-15,231992.01017405707
2025-12-16,234474.94848732447
2025-12-17,232953.14758564447
2025-12-18,230550.304056676
2025-12-19,227026.13354752221
2025-12-20,226625.65962602745
2025-12-21,227666.8918219138
2025-12-22,224703.38480285273
2025-12-23,233113.33715424236
2025-12-24,231030.87276246963
2025-12-25,231911.91538975813
2025-12-26,244727.08087758993
2025-12-27,243846.0382503015
2025-12-29,240321.86774114778
2025-12-30,242164.0477800236
2026-01-06,243226.22772639638
2026-01-08,245187.1753196998
2026-01-09,246412.76756551457
2026-01-13,246494.47371523554
2026-01-14,248945.65820686493
2026-01-15,246004.23681690966
2026-01-16,241346.9862828138
2026-01-17,241755.5170314187
2026-01-18,242162.7158777608
2026-01-19,238335.046722145
2026-01-20,236380.49225970285
2026-01-21,233530.10033530812
2026-01-22,235954.8889457295
2026-01-23,238614.3345184497
2026-01-24,237441.0497069555
2026-01-25,238536.1155310167
2026-01-26,235172.69907140004
2026-01-27,243151.03578956064
2026-01-28,241977.75097806644
2026-01-29,241508.43705346875
2026-01-30,236893.51679492483
2026-01-31,236580.6408451931
2026-02-01,236189.54590802835
2026-02-02,233608.31932274104
2026-02-03,228132.9902024347
2026-02-04,224936.4247717384
2026-02-05,227043.25198742462
2026-02-06,226571.0320942536
2026-02-07,227261.19963042665
2026-02-08,226825.3043444226
2026-02-09,224900.1001645714
2026-02-10,214474.9379076414
2026-02-11,211197.65919982005
2026-02-12,211230.76302515154
2026-02-13,210535.58269318947
2026-02-16,211661.1127544614
2026-02-17,213713.54992501624
2026-02-18,211164.5553744885
2026-02-19,213117.6810690487
2026-02-20,211992.1510077767
2026-02-21,211826.63188111907
2026-02-22,211959.04718244515
2026-02-24,214110.7958289946
2026-02-25,215401.84501692423
2026-02-26,214805.9761609567
2026-02-27,215368.74119159268
2026-02-28,217553.59366347364
2026-03-01,217454.28218747905
2026-03-02,220301.2111659905
2026-03-03,223644.69752447496
2026-03-04,222088.81773389314
2026-03-05,221029.4953232842
2026-03-06,223545.3860484804
2026-03-09,224339.87785643712
2026-03-10,224604.7084590893
2026-03-11,222121.9215592246
2026-03-12,223313.65927115967
2026-03-13,225299.88879105143
2026-03-15,223677.80134980654
2026-03-16,217818.4242661258
2026-03-17,218840.9377414722
2026-03-18,213023.18865760491
2026-03-19,207875.36219551627
2026-03-20,211260.23438976632
2026-03-23,211753.86158476112
2026-03-24,214045.70213295126
2026-03-25,212741.1159747507
2026-03-26,216725.3926200659
2026-03-27,224165.05963034468
2026-03-28,223918.24603284724
2026-03-29,224623.4277399827
2026-03-30,220286.56024109983
2026-03-31,220674.41018002428
2026-04-01,218629.38322933155
2026-04-02,214444.66740166882
2026-04-03,211511.45537293327
2026-04-04,211433.23638550032
2026-04-05,211042.14144833558
2026-04-06,208044.69540592635
2026-04-07,209485.02662110995
2026-04-08,204969.39362215585
2026-04-09,202096.45622491275
2026-04-10,203495.12311567581
2026-04-11,202587.87972707272
2026-04-12,202965.89780565735
2026-04-13,197900.45555262352
2026-04-14,197862.65374476506
2026-04-15,193099.62595459886
2026-04-16,196485.68475268304
2026-04-17,193279.73546513525
2026-04-18,193675.97638831532
2026-04-19,193892.107800959
