ticker,strategy_type,timeframe,allowshort,method,optim_params,rank,composite_score,params,IS_start,IS_end,OOS_start,OOS_end,FULL_start,FULL_end,IS_Количество сигналов,IS_Количество сделок,IS_Прибыльных сделок,IS_Убыточных сделок,IS_Процент прибыльных сделок,IS_Средняя прибыль,IS_Средний убыток,IS_Среднее время удержания (дней),IS_Среднее время удержания (часов),IS_Макс. просадка (%),IS_Макс. прибыль по сделке,IS_Макс. убыток по сделке,IS_Процент роста,IS_Sharpe,IS_Sortino,IS_Std. return,IS_Reward/Risk,OOS_Количество сигналов,OOS_Количество сделок,OOS_Прибыльных сделок,OOS_Убыточных сделок,OOS_Процент прибыльных сделок,OOS_Средняя прибыль,OOS_Средний убыток,OOS_Среднее время удержания (дней),OOS_Среднее время удержания (часов),OOS_Макс. просадка (%),OOS_Макс. прибыль по сделке,OOS_Макс. убыток по сделке,OOS_Процент роста,OOS_Sharpe,OOS_Sortino,OOS_Std. return,OOS_Reward/Risk,FULL_Количество сигналов,FULL_Количество сделок,FULL_Прибыльных сделок,FULL_Убыточных сделок,FULL_Процент прибыльных сделок,FULL_Средняя прибыль,FULL_Средний убыток,FULL_Среднее время удержания (дней),FULL_Среднее время удержания (часов),FULL_Макс. просадка (%),FULL_Макс. прибыль по сделке,FULL_Макс. убыток по сделке,FULL_Процент роста,FULL_Sharpe,FULL_Sortino,FULL_Std. return,FULL_Reward/Risk
GAZP,breakout_ols,1D,True,Bayesian_TPE,"{""sampler"":""TPESampler"",""seed"":42,""n_trials"":50,""direction"":""maximize"",""objective"":""composite = Sharpe * (Return% / MaxDD%)""}",1,2.438,"{""lookback"":270,""pivot_window"":12,""min_touches"":3,""tolerance_atr_mult"":0.4,""cluster_atr_mult"":0.35,""confirmation_bars"":2,""cooldown_bars"":5,""allowshort"":true}",2014-01-01,2024-12-31,2025-01-01,2026-04-20,2014-01-01,2026-04-20,54,9,4,5,44.44,469936.52,-74363.89,204.89,,34.39,1218754.66,-158011.08000000028,150.79,0.56,0.66,0.0113,0.02,18,3,1,2,33.33,38808.56,-48184.83,111.33,,34.69,38808.56000000005,-76618.61000000009,-5.76,-0.01,-0.01,0.0165,-0.0,72,11,5,6,45.45,395397.0,-102620.79,199.36,,34.69,1218754.66,-289932.21,136.13,0.45,0.52,0.0122,0.02
GAZP,breakout_ols,1D,True,Bayesian_TPE,"{""sampler"":""TPESampler"",""seed"":42,""n_trials"":50,""direction"":""maximize"",""objective"":""composite = Sharpe * (Return% / MaxDD%)""}",2,2.19,"{""lookback"":270,""pivot_window"":12,""min_touches"":3,""tolerance_atr_mult"":0.4,""cluster_atr_mult"":0.75,""confirmation_bars"":2,""cooldown_bars"":3,""allowshort"":true}",2014-01-01,2024-12-31,2025-01-01,2026-04-20,2014-01-01,2026-04-20,67,10,4,6,40.0,481040.71,-81998.66,188.5,,35.05,1193897.87,-180434.3400000003,143.22,0.54,0.64,0.0115,0.02,26,5,2,3,40.0,1692.52,-46577.5,54.2,,37.64,3110.400000000044,-76618.61000000009,-13.63,-0.23,-0.26,0.0158,-0.01,93,14,6,8,42.86,322064.7,-104237.43,155.07,,37.64,1193897.87,-281175.3,109.85,0.4,0.46,0.0122,0.01
GAZP,breakout_ols,1D,True,Bayesian_TPE,"{""sampler"":""TPESampler"",""seed"":42,""n_trials"":50,""direction"":""maximize"",""objective"":""composite = Sharpe * (Return% / MaxDD%)""}",3,2.069,"{""lookback"":271,""pivot_window"":12,""min_touches"":3,""tolerance_atr_mult"":0.45,""cluster_atr_mult"":0.55,""confirmation_bars"":2,""cooldown_bars"":5,""allowshort"":true}",2014-01-01,2024-12-31,2025-01-01,2026-04-20,2014-01-01,2026-04-20,64,10,4,6,40.0,465739.78,-87915.89,186.5,,33.7,1171404.96,-173253.42000000027,133.55,0.52,0.63,0.0113,0.02,21,3,2,1,66.67,21451.58,-76618.61,108.0,,34.39,39792.76000000005,-76618.61000000009,-3.37,0.05,0.06,0.0165,0.0,85,12,6,6,50.0,327177.11,-118091.57,183.67,,34.39,1171404.96,-270002.16000000003,125.45,0.43,0.51,0.0121,0.02
GAZP,breakout_ols,1D,False,Bayesian_TPE,"{""sampler"":""TPESampler"",""seed"":42,""n_trials"":50,""direction"":""maximize"",""objective"":""composite = Sharpe * (Return% / MaxDD%)""}",4,1.986,"{""lookback"":284,""pivot_window"":12,""min_touches"":5,""tolerance_atr_mult"":0.75,""cluster_atr_mult"":0.75,""confirmation_bars"":2,""cooldown_bars"":4,""allowshort"":false}",2014-01-01,2024-12-31,2025-01-01,2026-04-20,2014-01-01,2026-04-20,54,8,5,3,62.5,358047.5,-136978.23,219.5,,37.65,1216908.4000000004,-206190.27000000008,137.93,0.54,0.62,0.0109,0.02,11,2,1,1,50.0,39658.08,-76618.61,154.5,,33.27,39658.08000000005,-76618.61000000009,-3.7,0.03,0.04,0.0157,0.0,65,9,6,3,66.67,314084.72,-198461.35,231.11,,37.65,1216908.4000000004,-275065.47000000003,128.91,0.45,0.5,0.0117,0.01
GAZP,breakout_ols,1D,True,Bayesian_TPE,"{""sampler"":""TPESampler"",""seed"":42,""n_trials"":50,""direction"":""maximize"",""objective"":""composite = Sharpe * (Return% / MaxDD%)""}",5,1.617,"{""lookback"":271,""pivot_window"":12,""min_touches"":3,""tolerance_atr_mult"":0.4,""cluster_atr_mult"":0.3,""confirmation_bars"":2,""cooldown_bars"":5,""allowshort"":true}",2014-01-01,2024-12-31,2025-01-01,2026-04-20,2014-01-01,2026-04-20,53,10,4,6,40.0,403510.18,-80154.26,183.9,,33.5,1059160.0799999998,-134395.14000000022,113.31,0.48,0.57,0.0112,0.02,18,3,1,2,33.33,38808.56,-48184.83,111.33,,34.69,38808.56000000005,-76618.61000000009,-5.76,-0.01,-0.01,0.0165,-0.0,71,12,5,7,41.67,339349.96,-98339.04,182.33,,34.69,1059160.0799999998,-246593.97,100.84,0.38,0.45,0.0121,0.01
VKCO,breakout_ols,1D,False,Bayesian_TPE,"{""sampler"":""TPESampler"",""seed"":42,""n_trials"":50,""direction"":""maximize"",""objective"":""composite = Sharpe * (Return% / MaxDD%)""}",1,0.863,"{""lookback"":284,""pivot_window"":9,""min_touches"":4,""tolerance_atr_mult"":0.6000000000000001,""cluster_atr_mult"":0.5,""confirmation_bars"":1,""cooldown_bars"":4,""allowshort"":false}",2014-01-01,2024-12-31,2025-01-01,2026-04-20,2014-01-01,2026-04-20,14,2,2,0,100.0,158011.9,0.0,100.0,,23.88,243577.40000000005,72446.39999999995,31.6,0.65,0.42,0.0105,0.03,13,2,0,2,0.0,0.0,-5490.4,108.0,,27.59,-3373.200000000128,-7607.59999999996,-1.1,0.05,0.08,0.0116,0.0,27,3,1,2,33.33,243577.4,-65980.4,195.33,,37.86,243577.40000000005,-123411.60000000003,11.16,0.22,0.22,0.0145,0.01
VKCO,breakout_ols,1D,False,Bayesian_TPE,"{""sampler"":""TPESampler"",""seed"":42,""n_trials"":50,""direction"":""maximize"",""objective"":""composite = Sharpe * (Return% / MaxDD%)""}",2,0.863,"{""lookback"":287,""pivot_window"":9,""min_touches"":5,""tolerance_atr_mult"":0.55,""cluster_atr_mult"":0.5,""confirmation_bars"":1,""cooldown_bars"":7,""allowshort"":false}",2014-01-01,2024-12-31,2025-01-01,2026-04-20,2014-01-01,2026-04-20,13,2,2,0,100.0,158011.9,0.0,100.0,,23.88,243577.40000000005,72446.39999999995,31.6,0.65,0.42,0.0105,0.03,11,2,0,2,0.0,0.0,-5490.4,108.0,,27.59,-3373.200000000128,-7607.59999999996,-1.1,0.05,0.08,0.0116,0.0,24,3,1,2,33.33,243577.4,-65980.4,195.33,,37.86,243577.40000000005,-123411.60000000003,11.16,0.22,0.22,0.0145,0.01
VKCO,breakout_ols,1D,False,Bayesian_TPE,"{""sampler"":""TPESampler"",""seed"":42,""n_trials"":50,""direction"":""maximize"",""objective"":""composite = Sharpe * (Return% / MaxDD%)""}",3,0.822,"{""lookback"":270,""pivot_window"":9,""min_touches"":5,""tolerance_atr_mult"":0.75,""cluster_atr_mult"":0.45,""confirmation_bars"":1,""cooldown_bars"":10,""allowshort"":false}",2014-01-01,2024-12-31,2025-01-01,2026-04-20,2014-01-01,2026-04-20,13,2,2,0,100.0,163409.3,0.0,104.0,,26.12,243577.40000000005,83241.19999999985,32.68,0.66,0.44,0.0107,0.03,9,2,1,1,50.0,75819.0,-29979.2,112.5,,24.69,75819.00000000013,-29979.199999999957,4.58,0.24,0.33,0.0121,0.01,22,3,1,2,33.33,243577.4,-39004.25,195.67,,37.35,243577.40000000005,-44593.5,16.56,0.26,0.27,0.0145,0.01
VKCO,breakout_ols,1D,False,Bayesian_TPE,"{""sampler"":""TPESampler"",""seed"":42,""n_trials"":50,""direction"":""maximize"",""objective"":""composite = Sharpe * (Return% / MaxDD%)""}",4,0.822,"{""lookback"":270,""pivot_window"":9,""min_touches"":5,""tolerance_atr_mult"":0.7,""cluster_atr_mult"":0.65,""confirmation_bars"":1,""cooldown_bars"":10,""allowshort"":false}",2014-01-01,2024-12-31,2025-01-01,2026-04-20,2014-01-01,2026-04-20,13,2,2,0,100.0,163409.3,0.0,104.0,,26.12,243577.40000000005,83241.19999999985,32.68,0.66,0.44,0.0107,0.03,9,2,1,1,50.0,75819.0,-29979.2,112.5,,24.69,75819.00000000013,-29979.199999999957,4.58,0.24,0.33,0.0121,0.01,22,3,1,2,33.33,243577.4,-39004.25,195.67,,37.35,243577.40000000005,-44593.5,16.56,0.26,0.27,0.0145,0.01
VKCO,breakout_ols,1D,False,Bayesian_TPE,"{""sampler"":""TPESampler"",""seed"":42,""n_trials"":50,""direction"":""maximize"",""objective"":""composite = Sharpe * (Return% / MaxDD%)""}",5,0.822,"{""lookback"":267,""pivot_window"":9,""min_touches"":5,""tolerance_atr_mult"":1.1,""cluster_atr_mult"":0.7,""confirmation_bars"":1,""cooldown_bars"":3,""allowshort"":false}",2014-01-01,2024-12-31,2025-01-01,2026-04-20,2014-01-01,2026-04-20,18,2,2,0,100.0,163409.3,0.0,104.0,,26.12,243577.40000000005,83241.19999999985,32.68,0.66,0.44,0.0107,0.03,15,2,1,1,50.0,75819.0,-43872.0,113.5,,24.69,75819.00000000013,-43872.0,3.19,0.19,0.27,0.0121,0.01,33,3,1,2,33.33,243577.4,-46746.75,196.33,,37.35,243577.40000000005,-48900.0,15.01,0.25,0.26,0.0145,0.01
LKOH,breakout_ols,1D,False,Bayesian_TPE,"{""sampler"":""TPESampler"",""seed"":42,""n_trials"":50,""direction"":""maximize"",""objective"":""composite = Sharpe * (Return% / MaxDD%)""}",1,11.259,"{""lookback"":258,""pivot_window"":6,""min_touches"":3,""tolerance_atr_mult"":1.1,""cluster_atr_mult"":0.35,""confirmation_bars"":3,""cooldown_bars"":6,""allowshort"":false}",2014-01-01,2024-12-31,2025-01-01,2026-04-20,2014-01-01,2026-04-20,74,9,6,3,66.67,563365.42,-150058.67,201.56,,21.47,1743616.0,-160660.0,293.0,0.82,0.78,0.0106,0.04,22,5,1,4,20.0,16728.0,-74674.75,32.2,,36.14,16728.0,-105772.5,-28.2,-1.36,-0.89,0.0089,-0.03,96,14,7,7,50.0,492288.07,-232397.57,141.07,,36.26,1743616.0,-418389.0,181.92,0.58,0.53,0.0104,0.02
LKOH,breakout_ols,1D,False,Bayesian_TPE,"{""sampler"":""TPESampler"",""seed"":42,""n_trials"":50,""direction"":""maximize"",""objective"":""composite = Sharpe * (Return% / MaxDD%)""}",2,9.807,"{""lookback"":256,""pivot_window"":7,""min_touches"":3,""tolerance_atr_mult"":1.1,""cluster_atr_mult"":0.35,""confirmation_bars"":3,""cooldown_bars"":6,""allowshort"":false}",2014-01-01,2024-12-31,2025-01-01,2026-04-20,2014-01-01,2026-04-20,57,7,4,3,57.14,803830.5,-138720.0,258.0,,22.92,1668352.0,-153458.0,279.92,0.8,0.76,0.0107,0.04,20,4,0,4,0.0,0.0,-75357.25,61.75,,39.55,-57096.0,-105772.5,-30.14,-1.25,-1.12,0.0103,-0.03,77,11,4,7,36.36,803830.5,-223351.57,186.64,,39.6,1668352.0,-404286.0,165.19,0.54,0.51,0.0107,0.01
LKOH,breakout_ols,1D,False,Bayesian_TPE,"{""sampler"":""TPESampler"",""seed"":42,""n_trials"":50,""direction"":""maximize"",""objective"":""composite = Sharpe * (Return% / MaxDD%)""}",3,8.331,"{""lookback"":252,""pivot_window"":7,""min_touches"":3,""tolerance_atr_mult"":1.1500000000000001,""cluster_atr_mult"":0.35,""confirmation_bars"":3,""cooldown_bars"":6,""allowshort"":false}",2014-01-01,2024-12-31,2025-01-01,2026-04-20,2014-01-01,2026-04-20,58,9,6,3,66.67,492346.83,-134724.0,197.56,,23.2,1558592.0,-143486.0,254.99,0.76,0.71,0.0109,0.04,19,4,0,4,0.0,0.0,-75357.25,61.75,,39.55,-57096.0,-105772.5,-30.14,-1.25,-1.12,0.0103,-0.03,77,13,6,7,46.15,492346.83,-210826.21,155.77,,39.58,1558592.0,-377647.0,147.83,0.51,0.47,0.0108,0.01
LKOH,breakout_ols,1D,False,Bayesian_TPE,"{""sampler"":""TPESampler"",""seed"":42,""n_trials"":50,""direction"":""maximize"",""objective"":""composite = Sharpe * (Return% / MaxDD%)""}",4,8.253,"{""lookback"":258,""pivot_window"":6,""min_touches"":3,""tolerance_atr_mult"":1.2,""cluster_atr_mult"":0.45,""confirmation_bars"":3,""cooldown_bars"":5,""allowshort"":false}",2014-01-01,2024-12-31,2025-01-01,2026-04-20,2014-01-01,2026-04-20,80,11,6,5,54.55,492751.75,-113074.54,168.45,,21.44,1533504.0,-140993.0,239.11,0.74,0.71,0.0107,0.04,25,6,1,5,16.67,16456.0,-61801.1,25.0,,37.08,16456.0,-107339.5,-29.25,-1.45,-0.92,0.0087,-0.03,105,17,7,10,41.18,430363.21,-161484.47,117.82,,37.18,1533504.0,-365111.0,139.77,0.5,0.46,0.0105,0.01
LKOH,breakout_ols,1D,False,Bayesian_TPE,"{""sampler"":""TPESampler"",""seed"":42,""n_trials"":50,""direction"":""maximize"",""objective"":""composite = Sharpe * (Return% / MaxDD%)""}",5,6.499,"{""lookback"":275,""pivot_window"":7,""min_touches"":3,""tolerance_atr_mult"":1.2,""cluster_atr_mult"":0.35,""confirmation_bars"":3,""cooldown_bars"":7,""allowshort"":false}",2014-01-01,2024-12-31,2025-01-01,2026-04-20,2014-01-01,2026-04-20,65,7,4,3,57.14,619278.12,-158480.0,235.0,,21.96,1050670.5,-218010.0,200.17,0.71,0.62,0.01,0.03,18,4,0,4,0.0,0.0,-74557.12,60.5,,39.26,-61204.0,-98464.0,-29.82,-1.25,-1.1,0.0102,-0.03,83,11,4,7,36.36,619278.12,-196046.21,171.55,,39.32,1050670.5,-296116.0,110.48,0.45,0.39,0.01,0.01
AFKS,breakout_ols,1D,True,Bayesian_TPE,"{""sampler"":""TPESampler"",""seed"":42,""n_trials"":50,""direction"":""maximize"",""objective"":""composite = Sharpe * (Return% / MaxDD%)""}",1,21.045,"{""lookback"":217,""pivot_window"":3,""min_touches"":5,""tolerance_atr_mult"":0.9000000000000001,""cluster_atr_mult"":0.7,""confirmation_bars"":3,""cooldown_bars"":5,""allowshort"":true}",2014-01-01,2024-12-31,2025-01-01,2026-04-20,2014-01-01,2026-04-20,93,16,10,6,62.5,902189.91,-224726.47,124.56,,34.42,3014172.8300000005,-816309.0260000004,767.35,0.94,1.04,0.0151,0.04,22,5,0,5,0.0,0.0,-73159.93,57.2,,43.27,-29072.24399999997,-162930.28499999997,-36.58,-0.98,-1.01,0.0158,-0.04,115,21,9,12,42.86,921102.97,-370147.47,110.24,,53.1,3014172.8300000005,-1245534.5699999996,384.82,0.64,0.7,0.0153,0.02
AFKS,breakout_ols,1D,False,Bayesian_TPE,"{""sampler"":""TPESampler"",""seed"":42,""n_trials"":50,""direction"":""maximize"",""objective"":""composite = Sharpe * (Return% / MaxDD%)""}",2,13.407,"{""lookback"":242,""pivot_window"":3,""min_touches"":5,""tolerance_atr_mult"":1.05,""cluster_atr_mult"":0.5,""confirmation_bars"":1,""cooldown_bars"":6,""allowshort"":false}",2014-01-01,2024-12-31,2025-01-01,2026-04-20,2014-01-01,2026-04-20,109,18,10,8,55.56,755657.62,-136970.94,115.44,,41.49,2625791.168,-355572.4799999997,646.08,0.86,0.97,0.0157,0.03,25,10,1,9,10.0,5339.95,-52965.46,23.3,,53.09,5339.952000000005,-144538.562,-47.13,-1.58,-1.45,0.0144,-0.04,134,28,11,17,39.29,690583.35,-273663.16,82.54,,59.84,2625791.168,-1078374.402,294.41,0.56,0.62,0.0155,0.01
AFKS,breakout_ols,1D,False,Bayesian_TPE,"{""sampler"":""TPESampler"",""seed"":42,""n_trials"":50,""direction"":""maximize"",""objective"":""composite = Sharpe * (Return% / MaxDD%)""}",3,11.766,"{""lookback"":193,""pivot_window"":4,""min_touches"":5,""tolerance_atr_mult"":1.05,""cluster_atr_mult"":0.9000000000000001,""confirmation_bars"":2,""cooldown_bars"":5,""allowshort"":false}",2014-01-01,2024-12-31,2025-01-01,2026-04-20,2014-01-01,2026-04-20,91,18,10,8,55.56,699693.71,-158989.72,108.72,,42.38,2260139.574,-639197.137,572.5,0.87,0.92,0.0145,0.03,18,5,0,5,0.0,0.0,-55367.6,51.4,,39.91,-17948.11199999992,-109800.18000000008,-27.68,-0.68,-0.69,0.0155,-0.03,109,23,9,14,39.13,717253.29,-216642.3,97.78,,43.09,2260139.574,-671460.1200000005,342.23,0.62,0.66,0.0148,0.02
AFKS,breakout_ols,1D,False,Bayesian_TPE,"{""sampler"":""TPESampler"",""seed"":42,""n_trials"":50,""direction"":""maximize"",""objective"":""composite = Sharpe * (Return% / MaxDD%)""}",4,11.649,"{""lookback"":195,""pivot_window"":4,""min_touches"":5,""tolerance_atr_mult"":1.0,""cluster_atr_mult"":0.8,""confirmation_bars"":3,""cooldown_bars"":10,""allowshort"":false}",2014-01-01,2024-12-31,2025-01-01,2026-04-20,2014-01-01,2026-04-20,69,15,9,6,60.0,784257.87,-196339.93,132.93,,44.32,2337795.9150000005,-481034.41100000014,588.03,0.88,0.94,0.0146,0.03,15,4,0,4,0.0,0.0,-100972.76,65.25,,46.68,-68821.18099999997,-162930.28499999997,-40.39,-1.24,-1.2,0.0146,-0.04,84,19,8,10,42.11,780259.6,-362726.25,120.58,,52.53,2337795.9150000005,-988017.3449999996,261.48,0.55,0.59,0.0147,0.02
AFKS,breakout_ols,1D,False,Bayesian_TPE,"{""sampler"":""TPESampler"",""seed"":42,""n_trials"":50,""direction"":""maximize"",""objective"":""composite = Sharpe * (Return% / MaxDD%)""}",5,9.347,"{""lookback"":183,""pivot_window"":3,""min_touches"":5,""tolerance_atr_mult"":1.05,""cluster_atr_mult"":0.3,""confirmation_bars"":2,""cooldown_bars"":4,""allowshort"":false}",2014-01-01,2024-12-31,2025-01-01,2026-04-20,2014-01-01,2026-04-20,88,16,10,6,62.5,655101.46,-192376.91,125.69,,43.94,1773065.977,-420402.24,539.68,0.76,0.78,0.017,0.03,14,5,0,5,0.0,0.0,-58649.0,51.8,,41.27,-24230.96899999998,-109800.18000000008,-29.32,-0.74,-0.75,0.0154,-0.03,102,20,10,10,50.0,604071.84,-236729.82,115.8,,43.94,1773065.977,-539674.4610000004,367.34,0.59,0.61,0.017,0.02
VTBR,breakout_ols,1D,True,Bayesian_TPE,"{""sampler"":""TPESampler"",""seed"":42,""n_trials"":50,""direction"":""maximize"",""objective"":""composite = Sharpe * (Return% / MaxDD%)""}",1,1.877,"{""lookback"":192,""pivot_window"":8,""min_touches"":3,""tolerance_atr_mult"":0.3,""cluster_atr_mult"":0.95,""confirmation_bars"":3,""cooldown_bars"":15,""allowshort"":true}",2014-01-01,2024-12-31,2025-01-01,2026-04-20,2014-01-01,2026-04-20,57,12,5,7,41.67,510373.5,-149019.98,168.0,,41.23,807554.0250000001,-308596.94999999984,150.87,0.51,0.58,0.0129,0.02,10,3,1,2,33.33,165847.5,-146812.25,52.33,,36.33,165847.49999999994,-257882.89999999997,-12.78,-0.25,-0.13,0.0141,-0.01,67,15,6,9,40.0,565736.09,-209691.82,148.87,,41.23,807554.0250000001,-741340.5999999999,150.72,0.45,0.44,0.0136,0.01
VTBR,breakout_ols,1D,True,Bayesian_TPE,"{""sampler"":""TPESampler"",""seed"":42,""n_trials"":50,""direction"":""maximize"",""objective"":""composite = Sharpe * (Return% / MaxDD%)""}",2,1.667,"{""lookback"":193,""pivot_window"":8,""min_touches"":3,""tolerance_atr_mult"":0.3,""cluster_atr_mult"":0.95,""confirmation_bars"":3,""cooldown_bars"":16,""allowshort"":true}",2014-01-01,2024-12-31,2025-01-01,2026-04-20,2014-01-01,2026-04-20,58,12,5,7,41.67,482836.44,-145332.62,168.58,,41.23,771548.1750000002,-294835.8499999998,139.69,0.49,0.56,0.0129,0.02,10,3,1,2,33.33,165847.5,-146812.25,52.33,,36.33,165847.49999999994,-257882.89999999997,-12.78,-0.25,-0.13,0.0141,-0.01,68,15,6,9,40.0,536527.7,-202640.63,149.33,,41.23,771548.1750000002,-708273.4999999999,139.54,0.43,0.43,0.0136,0.01
VTBR,breakout_ols,1D,True,Bayesian_TPE,"{""sampler"":""TPESampler"",""seed"":42,""n_trials"":50,""direction"":""maximize"",""objective"":""composite = Sharpe * (Return% / MaxDD%)""}",3,0.905,"{""lookback"":186,""pivot_window"":5,""min_touches"":4,""tolerance_atr_mult"":0.4,""cluster_atr_mult"":0.55,""confirmation_bars"":2,""cooldown_bars"":11,""allowshort"":true}",2014-01-01,2024-12-31,2025-01-01,2026-04-20,2014-01-01,2026-04-20,78,18,8,10,44.44,205199.21,-71498.42,91.94,,41.45,590486.05,-193361.99999999965,92.66,0.41,0.45,0.0122,0.01,12,4,1,3,25.0,33036.39,-92122.64,29.25,,30.05,33036.39000000002,-205438.20000000004,-24.33,-1.15,-0.7,0.0088,-0.03,90,22,9,13,40.91,223541.45,-102267.77,82.95,,41.45,590486.05,-456784.9000000001,68.24,0.31,0.33,0.0123,0.01
VTBR,breakout_ols,1D,True,Bayesian_TPE,"{""sampler"":""TPESampler"",""seed"":42,""n_trials"":50,""direction"":""maximize"",""objective"":""composite = Sharpe * (Return% / MaxDD%)""}",4,0.859,"{""lookback"":177,""pivot_window"":9,""min_touches"":5,""tolerance_atr_mult"":0.35,""cluster_atr_mult"":1.05,""confirmation_bars"":3,""cooldown_bars"":18,""allowshort"":true}",2014-01-01,2024-12-31,2025-01-01,2026-04-20,2014-01-01,2026-04-20,38,8,5,3,62.5,279407.07,-161189.92,223.38,,42.95,421017.29999999993,-264826.80000000005,91.35,0.4,0.46,0.0121,0.01,7,2,1,1,50.0,327954.47,-41012.28,119.0,,27.06,327954.475,-41012.27999999998,28.69,0.83,0.93,0.0133,0.04,45,9,6,3,66.67,330298.41,-161189.92,229.33,,42.95,636637.6249999999,-264826.80000000005,149.82,0.47,0.53,0.0124,0.01
VTBR,breakout_ols,1D,True,Bayesian_TPE,"{""sampler"":""TPESampler"",""seed"":42,""n_trials"":50,""direction"":""maximize"",""objective"":""composite = Sharpe * (Return% / MaxDD%)""}",5,0.81,"{""lookback"":175,""pivot_window"":12,""min_touches"":4,""tolerance_atr_mult"":0.8500000000000001,""cluster_atr_mult"":0.4,""confirmation_bars"":1,""cooldown_bars"":4,""allowshort"":true}",2014-01-01,2024-12-31,2025-01-01,2026-04-20,2014-01-01,2026-04-20,67,10,5,5,50.0,352139.7,-168961.25,174.5,,45.7,683177.4000000001,-326391.4500000001,91.59,0.4,0.46,0.0121,0.01,10,3,2,1,66.67,85050.25,-174145.75,109.0,,37.18,135394.56000000008,-174145.74999999994,-0.4,0.16,0.15,0.0203,0.01,77,12,6,6,50.0,345530.42,-161947.16,176.33,,45.7,683177.4000000001,-326391.4500000001,110.15,0.38,0.39,0.0137,0.01
ROSN,breakout_ols,1D,False,Bayesian_TPE,"{""sampler"":""TPESampler"",""seed"":42,""n_trials"":50,""direction"":""maximize"",""objective"":""composite = Sharpe * (Return% / MaxDD%)""}",1,7.415,"{""lookback"":252,""pivot_window"":7,""min_touches"":4,""tolerance_atr_mult"":1.0,""cluster_atr_mult"":0.4,""confirmation_bars"":3,""cooldown_bars"":10,""allowshort"":false}",2014-01-01,2024-12-31,2025-01-01,2026-04-20,2014-01-01,2026-04-20,57,11,7,4,63.64,451377.56,-106131.19,176.91,,27.7,1684988.25,-152056.80000000008,273.51,0.75,0.83,0.0115,0.03,14,3,1,2,33.33,50645.4,-157844.93,98.33,,40.44,50645.39999999998,-177274.65000000005,-26.5,-0.82,-0.99,0.0128,-0.03,71,14,7,7,50.0,443645.35,-236883.86,161.14,,41.9,1684988.25,-590536.1000000001,144.73,0.47,0.53,0.0117,0.01
ROSN,breakout_ols,1D,False,Bayesian_TPE,"{""sampler"":""TPESampler"",""seed"":42,""n_trials"":50,""direction"":""maximize"",""objective"":""composite = Sharpe * (Return% / MaxDD%)""}",2,5.916,"{""lookback"":274,""pivot_window"":8,""min_touches"":5,""tolerance_atr_mult"":1.05,""cluster_atr_mult"":0.65,""confirmation_bars"":3,""cooldown_bars"":11,""allowshort"":false}",2014-01-01,2024-12-31,2025-01-01,2026-04-20,2014-01-01,2026-04-20,50,9,5,4,55.56,537464.72,-72827.17,192.22,,30.66,1499423.2500000002,-98815.5,239.6,0.76,0.81,0.0104,0.03,12,4,1,3,25.0,50403.8,-106242.3,68.0,,40.7,50403.79999999998,-163257.15000000005,-26.83,-0.92,-1.06,0.0119,-0.03,62,12,5,7,41.67,527179.19,-206171.04,169.42,,42.98,1499423.2500000002,-685807.1999999998,119.27,0.45,0.49,0.0108,0.01
ROSN,breakout_ols,1D,False,Bayesian_TPE,"{""sampler"":""TPESampler"",""seed"":42,""n_trials"":50,""direction"":""maximize"",""objective"":""composite = Sharpe * (Return% / MaxDD%)""}",3,5.648,"{""lookback"":236,""pivot_window"":8,""min_touches"":4,""tolerance_atr_mult"":0.9000000000000001,""cluster_atr_mult"":0.8,""confirmation_bars"":2,""cooldown_bars"":4,""allowshort"":false}",2014-01-01,2024-12-31,2025-01-01,2026-04-20,2014-01-01,2026-04-20,90,13,6,7,46.15,457767.62,-78815.33,146.23,,26.31,1425333.0,-204781.5,219.49,0.68,0.75,0.0114,0.03,18,4,1,3,25.0,65859.7,-57465.95,42.0,,24.25,65859.69999999991,-72532.95000000004,-10.65,-0.33,-0.34,0.0106,-0.01,108,16,6,10,37.5,447953.14,-116503.51,131.19,,26.86,1425333.0,-331282.3500000001,152.27,0.5,0.55,0.0114,0.02
ROSN,breakout_ols,1D,False,Bayesian_TPE,"{""sampler"":""TPESampler"",""seed"":42,""n_trials"":50,""direction"":""maximize"",""objective"":""composite = Sharpe * (Return% / MaxDD%)""}",4,5.358,"{""lookback"":240,""pivot_window"":8,""min_touches"":4,""tolerance_atr_mult"":0.9000000000000001,""cluster_atr_mult"":0.65,""confirmation_bars"":2,""cooldown_bars"":4,""allowshort"":false}",2014-01-01,2024-12-31,2025-01-01,2026-04-20,2014-01-01,2026-04-20,88,11,6,5,54.55,449870.26,-105983.72,173.09,,27.49,1378649.8,-213468.75,216.93,0.68,0.75,0.0113,0.03,17,5,1,4,20.0,56498.75,-53174.8,41.0,,31.52,56498.749999999935,-107725.90000000008,-15.62,-0.49,-0.56,0.0112,-0.02,105,15,6,9,40.0,435774.73,-139021.29,142.6,,33.88,1378649.8,-427209.3000000002,136.35,0.47,0.52,0.0114,0.02
ROSN,breakout_ols,1D,False,Bayesian_TPE,"{""sampler"":""TPESampler"",""seed"":42,""n_trials"":50,""direction"":""maximize"",""objective"":""composite = Sharpe * (Return% / MaxDD%)""}",5,5.358,"{""lookback"":239,""pivot_window"":8,""min_touches"":4,""tolerance_atr_mult"":0.9000000000000001,""cluster_atr_mult"":0.65,""confirmation_bars"":2,""cooldown_bars"":4,""allowshort"":false}",2014-01-01,2024-12-31,2025-01-01,2026-04-20,2014-01-01,2026-04-20,85,11,6,5,54.55,449870.26,-105983.72,173.09,,27.49,1378649.8,-213468.75,216.93,0.68,0.75,0.0113,0.03,16,4,1,3,25.0,57144.45,-67936.97,50.25,,30.75,57144.44999999993,-107725.90000000008,-14.67,-0.47,-0.52,0.011,-0.02,101,14,6,8,42.86,436073.12,-153286.66,152.5,,33.13,1378649.8,-427209.3000000002,139.01,0.47,0.53,0.0113,0.02
SBER,breakout_ols,1D,True,Bayesian_TPE,"{""sampler"":""TPESampler"",""seed"":42,""n_trials"":50,""direction"":""maximize"",""objective"":""composite = Sharpe * (Return% / MaxDD%)""}",1,43.161,"{""lookback"":173,""pivot_window"":3,""min_touches"":2,""tolerance_atr_mult"":0.8500000000000001,""cluster_atr_mult"":0.9000000000000001,""confirmation_bars"":2,""cooldown_bars"":4,""allowshort"":true}",2014-01-01,2024-12-31,2025-01-01,2026-04-20,2014-01-01,2026-04-20,197,34,23,11,67.65,568210.09,-319339.82,65.26,,25.55,4330329.74,-978425.5199999989,955.61,1.15,1.26,0.0129,0.06,33,8,3,5,37.5,19138.62,-18762.92,25.75,,20.42,37915.77999999994,-38820.879999999874,-3.64,-0.12,-0.1,0.0077,-0.0,230,42,26,16,61.9,518184.67,-280330.16,57.9,,25.55,4330329.74,-978425.5199999989,898.75,1.03,1.09,0.0124,0.05
SBER,breakout_ols,1D,True,Bayesian_TPE,"{""sampler"":""TPESampler"",""seed"":42,""n_trials"":50,""direction"":""maximize"",""objective"":""composite = Sharpe * (Return% / MaxDD%)""}",2,43.025,"{""lookback"":162,""pivot_window"":3,""min_touches"":2,""tolerance_atr_mult"":0.8,""cluster_atr_mult"":0.8500000000000001,""confirmation_bars"":2,""cooldown_bars"":4,""allowshort"":true}",2014-01-01,2024-12-31,2025-01-01,2026-04-20,2014-01-01,2026-04-20,198,37,26,11,70.27,453595.25,-209868.33,59.3,,25.55,4431997.580000001,-647252.4500000008,948.49,1.16,1.25,0.0128,0.06,33,7,3,4,42.86,18923.75,-21076.66,29.86,,20.11,37159.10000000007,-44097.04000000005,-2.75,-0.07,-0.06,0.0079,-0.0,231,44,29,15,65.91,420279.78,-211771.55,54.77,,25.55,4431997.580000001,-647252.4500000008,901.15,1.04,1.09,0.0123,0.05
SBER,breakout_ols,1D,True,Bayesian_TPE,"{""sampler"":""TPESampler"",""seed"":42,""n_trials"":50,""direction"":""maximize"",""objective"":""composite = Sharpe * (Return% / MaxDD%)""}",3,42.861,"{""lookback"":165,""pivot_window"":3,""min_touches"":2,""tolerance_atr_mult"":0.9000000000000001,""cluster_atr_mult"":0.8500000000000001,""confirmation_bars"":2,""cooldown_bars"":4,""allowshort"":true}",2014-01-01,2024-12-31,2025-01-01,2026-04-20,2014-01-01,2026-04-20,194,37,26,11,70.27,498898.5,-298617.69,58.89,,26.6,4353960.600000001,-990512.9399999988,968.66,1.18,1.26,0.0127,0.06,33,6,3,3,50.0,19343.95,-21291.7,37.0,,18.33,37981.900000000074,-35142.03000000014,-0.58,0.03,0.03,0.008,0.0,227,43,29,14,67.44,461616.47,-282513.09,56.0,,26.6,4353960.600000001,-990512.9399999988,943.17,1.06,1.11,0.0122,0.05
SBER,breakout_ols,1D,True,Bayesian_TPE,"{""sampler"":""TPESampler"",""seed"":42,""n_trials"":50,""direction"":""maximize"",""objective"":""composite = Sharpe * (Return% / MaxDD%)""}",4,36.246,"{""lookback"":164,""pivot_window"":3,""min_touches"":2,""tolerance_atr_mult"":0.9000000000000001,""cluster_atr_mult"":1.0,""confirmation_bars"":2,""cooldown_bars"":4,""allowshort"":true}",2014-01-01,2024-12-31,2025-01-01,2026-04-20,2014-01-01,2026-04-20,193,35,22,13,62.86,518005.77,-235422.12,64.0,,25.55,3889862.6800000006,-865312.439999999,833.56,1.11,1.2,0.0127,0.06,30,6,4,2,66.67,17256.14,-39907.92,38.33,,19.87,37788.30000000007,-44848.050000000054,-1.08,0.01,0.01,0.0082,0.0,223,41,26,15,63.41,456150.11,-252820.17,60.41,,25.55,3889862.6800000006,-865312.439999999,806.76,1.0,1.06,0.0122,0.05
SBER,breakout_ols,1D,True,Bayesian_TPE,"{""sampler"":""TPESampler"",""seed"":42,""n_trials"":50,""direction"":""maximize"",""objective"":""composite = Sharpe * (Return% / MaxDD%)""}",5,34.537,"{""lookback"":146,""pivot_window"":4,""min_touches"":2,""tolerance_atr_mult"":0.7,""cluster_atr_mult"":0.95,""confirmation_bars"":3,""cooldown_bars"":8,""allowshort"":true}",2014-01-01,2024-12-31,2025-01-01,2026-04-20,2014-01-01,2026-04-20,133,29,19,10,65.52,579759.89,-288246.28,79.48,,25.55,4433167.29,-1100889.52,813.3,1.09,1.18,0.013,0.06,21,5,3,2,60.0,27531.41,-26146.8,54.4,,18.67,44344.560000000056,-52261.31999999995,3.03,0.2,0.21,0.0092,0.01,154,33,21,12,63.64,578181.88,-281510.13,79.36,,25.55,4433167.29,-1100889.52,876.37,1.01,1.1,0.0126,0.05
PLZL,breakout_ols,1D,True,Bayesian_TPE,"{""sampler"":""TPESampler"",""seed"":42,""n_trials"":50,""direction"":""maximize"",""objective"":""composite = Sharpe * (Return% / MaxDD%)""}",1,50.573,"{""lookback"":190,""pivot_window"":11,""min_touches"":2,""tolerance_atr_mult"":1.0,""cluster_atr_mult"":1.1500000000000001,""confirmation_bars"":3,""cooldown_bars"":6,""allowshort"":true}",2014-01-01,2024-12-31,2025-01-01,2026-04-20,2014-01-01,2026-04-20,84,18,8,10,44.44,2943761.78,-639196.82,135.56,,36.37,7430858.350000001,-1106169.9,1715.81,1.07,1.28,0.0179,0.05,11,2,2,0,100.0,175285.4,0.0,162.5,,17.41,195800.79999999976,154770.0,35.06,0.96,1.1,0.0139,0.08,95,19,9,10,47.37,3506244.75,-639196.82,146.32,,36.37,7430858.350000001,-1106169.9,2516.42,1.07,1.29,0.0175,0.05
PLZL,breakout_ols,1D,True,Bayesian_TPE,"{""sampler"":""TPESampler"",""seed"":42,""n_trials"":50,""direction"":""maximize"",""objective"":""composite = Sharpe * (Return% / MaxDD%)""}",2,50.136,"{""lookback"":189,""pivot_window"":9,""min_touches"":2,""tolerance_atr_mult"":1.05,""cluster_atr_mult"":1.1500000000000001,""confirmation_bars"":3,""cooldown_bars"":5,""allowshort"":true}",2014-01-01,2024-12-31,2025-01-01,2026-04-20,2014-01-01,2026-04-20,97,20,10,10,50.0,2867751.52,-924407.25,125.75,,42.25,9738921.45,-3292362.0,1943.34,1.09,1.36,0.0184,0.05,10,3,2,1,66.67,71228.48,-8449.4,88.67,,14.71,96415.99999999996,-8449.400000000069,13.4,0.49,0.5,0.0128,0.04,107,22,11,11,50.0,3248914.59,-858865.64,127.5,,42.25,9738921.45,-3292362.0,2629.05,1.07,1.32,0.0178,0.05
PLZL,breakout_ols,1D,True,Bayesian_TPE,"{""sampler"":""TPESampler"",""seed"":42,""n_trials"":50,""direction"":""maximize"",""objective"":""composite = Sharpe * (Return% / MaxDD%)""}",3,46.893,"{""lookback"":167,""pivot_window"":7,""min_touches"":2,""tolerance_atr_mult"":1.1500000000000001,""cluster_atr_mult"":1.1500000000000001,""confirmation_bars"":3,""cooldown_bars"":7,""allowshort"":true}",2014-01-01,2024-12-31,2025-01-01,2026-04-20,2014-01-01,2026-04-20,104,22,11,11,50.0,2012119.19,-540401.18,94.27,,36.56,8208160.8,-1471694.2999999996,1618.89,1.06,1.2,0.0178,0.05,12,3,2,1,66.67,120842.48,-10340.0,96.0,,22.9,184232.40000000005,-10340.0000000001,23.13,0.76,0.89,0.0123,0.04,116,25,13,12,52.0,2022239.14,-510197.81,94.48,,36.56,8208160.8,-1471694.2999999996,2016.67,1.03,1.17,0.0172,0.05
PLZL,breakout_ols,1D,True,Bayesian_TPE,"{""sampler"":""TPESampler"",""seed"":42,""n_trials"":50,""direction"":""maximize"",""objective"":""composite = Sharpe * (Return% / MaxDD%)""}",4,45.415,"{""lookback"":213,""pivot_window"":9,""min_touches"":2,""tolerance_atr_mult"":1.1,""cluster_atr_mult"":1.05,""confirmation_bars"":3,""cooldown_bars"":5,""allowshort"":true}",2014-01-01,2024-12-31,2025-01-01,2026-04-20,2014-01-01,2026-04-20,101,22,10,12,45.45,2455312.94,-547589.91,102.05,,43.04,7441216.15,-1636780.5999999996,1798.21,1.09,1.31,0.0179,0.05,11,3,2,1,66.67,93733.0,-9013.8,95.33,,16.32,115240.0,-9013.800000000074,17.85,0.58,0.65,0.0134,0.05,112,24,11,13,45.83,2692684.23,-519508.66,106.08,,43.04,7441216.15,-1636780.5999999996,2286.59,1.05,1.26,0.0174,0.04
PLZL,breakout_ols,1D,True,Bayesian_TPE,"{""sampler"":""TPESampler"",""seed"":42,""n_trials"":50,""direction"":""maximize"",""objective"":""composite = Sharpe * (Return% / MaxDD%)""}",5,43.878,"{""lookback"":194,""pivot_window"":6,""min_touches"":2,""tolerance_atr_mult"":1.1,""cluster_atr_mult"":1.2,""confirmation_bars"":3,""cooldown_bars"":6,""allowshort"":true}",2014-01-01,2024-12-31,2025-01-01,2026-04-20,2014-01-01,2026-04-20,107,22,12,10,54.55,2055013.32,-769187.54,102.64,,40.76,8467987.799999999,-2489614.200000001,1696.83,1.05,1.25,0.0183,0.05,15,3,3,0,100.0,99111.87,0.0,82.67,,15.37,156511.99999999994,37720.79999999995,29.73,0.98,1.05,0.0114,0.07,122,25,15,10,60.0,2000431.35,-769187.54,100.24,,40.76,8467987.799999999,-2489614.200000001,2231.46,1.04,1.21,0.0175,0.04
GMKN,breakout_ols,1D,True,Bayesian_TPE,"{""sampler"":""TPESampler"",""seed"":42,""n_trials"":50,""direction"":""maximize"",""objective"":""composite = Sharpe * (Return% / MaxDD%)""}",1,5.229,"{""lookback"":180,""pivot_window"":4,""min_touches"":2,""tolerance_atr_mult"":0.95,""cluster_atr_mult"":0.75,""confirmation_bars"":1,""cooldown_bars"":10,""allowshort"":true}",2014-01-01,2024-12-31,2025-01-01,2026-04-20,2014-01-01,2026-04-20,179,44,25,19,56.82,179605.21,-117745.98,44.77,,27.53,893528.9999999999,-498988.07999999984,225.3,0.64,0.61,0.0126,0.03,28,10,4,6,40.0,64134.76,-50520.68,31.2,,30.63,151738.43999999992,-160947.79999999996,-4.66,0.01,0.01,0.0157,0.0,207,53,28,25,52.83,191125.92,-129191.26,43.26,,36.07,893528.9999999999,-527050.9999999999,212.17,0.54,0.54,0.0131,0.02
GMKN,breakout_ols,1D,True,Bayesian_TPE,"{""sampler"":""TPESampler"",""seed"":42,""n_trials"":50,""direction"":""maximize"",""objective"":""composite = Sharpe * (Return% / MaxDD%)""}",2,4.961,"{""lookback"":182,""pivot_window"":4,""min_touches"":2,""tolerance_atr_mult"":1.1,""cluster_atr_mult"":0.75,""confirmation_bars"":1,""cooldown_bars"":11,""allowshort"":true}",2014-01-01,2024-12-31,2025-01-01,2026-04-20,2014-01-01,2026-04-20,175,44,24,20,54.55,183805.07,-112519.43,42.82,,27.53,873217.7999999999,-484875.83999999985,216.09,0.63,0.58,0.0124,0.03,27,10,4,6,40.0,62378.72,-54220.19,33.0,,33.86,147085.6799999999,-160947.79999999996,-7.58,-0.06,-0.08,0.0162,-0.0,202,53,27,26,50.94,193556.49,-126366.65,41.98,,39.05,873217.7999999999,-512136.59999999986,194.05,0.52,0.51,0.013,0.02
GMKN,breakout_ols,1D,True,Bayesian_TPE,"{""sampler"":""TPESampler"",""seed"":42,""n_trials"":50,""direction"":""maximize"",""objective"":""composite = Sharpe * (Return% / MaxDD%)""}",3,4.68,"{""lookback"":180,""pivot_window"":4,""min_touches"":2,""tolerance_atr_mult"":0.9000000000000001,""cluster_atr_mult"":0.75,""confirmation_bars"":1,""cooldown_bars"":8,""allowshort"":true}",2014-01-01,2024-12-31,2025-01-01,2026-04-20,2014-01-01,2026-04-20,191,46,25,21,54.35,170696.65,-104687.2,42.22,,27.19,739357.0,-470763.59999999986,206.9,0.62,0.58,0.0125,0.03,30,10,4,6,40.0,66591.63,-42017.02,33.3,,32.16,161409.3599999999,-160947.79999999996,1.43,0.16,0.22,0.0165,0.01,221,55,28,27,50.91,182517.78,-110269.13,41.56,,37.18,739357.0,-497242.7999999999,213.32,0.54,0.54,0.0132,0.02
GMKN,breakout_ols,1D,True,Bayesian_TPE,"{""sampler"":""TPESampler"",""seed"":42,""n_trials"":50,""direction"":""maximize"",""objective"":""composite = Sharpe * (Return% / MaxDD%)""}",4,2.767,"{""lookback"":161,""pivot_window"":5,""min_touches"":2,""tolerance_atr_mult"":1.1500000000000001,""cluster_atr_mult"":0.5,""confirmation_bars"":1,""cooldown_bars"":10,""allowshort"":true}",2014-01-01,2024-12-31,2025-01-01,2026-04-20,2014-01-01,2026-04-20,168,35,20,15,57.14,204271.86,-148371.14,57.74,,38.51,927544.8000000002,-463826.2000000002,185.99,0.57,0.55,0.0129,0.02,30,10,3,7,30.0,90575.87,-35637.08,30.8,,29.84,169946.17999999996,-94381.04,2.23,0.18,0.24,0.016,0.01,198,44,22,22,50.0,222112.34,-133804.89,53.18,,45.14,927544.8000000002,-463826.2000000002,194.28,0.51,0.52,0.0134,0.02
GMKN,breakout_ols,1D,True,Bayesian_TPE,"{""sampler"":""TPESampler"",""seed"":42,""n_trials"":50,""direction"":""maximize"",""objective"":""composite = Sharpe * (Return% / MaxDD%)""}",5,2.767,"{""lookback"":161,""pivot_window"":5,""min_touches"":2,""tolerance_atr_mult"":1.1500000000000001,""cluster_atr_mult"":0.5,""confirmation_bars"":1,""cooldown_bars"":10,""allowshort"":true}",2014-01-01,2024-12-31,2025-01-01,2026-04-20,2014-01-01,2026-04-20,168,35,20,15,57.14,204271.86,-148371.14,57.74,,38.51,927544.8000000002,-463826.2000000002,185.99,0.57,0.55,0.0129,0.02,30,10,3,7,30.0,90575.87,-35637.08,30.8,,29.84,169946.17999999996,-94381.04,2.23,0.18,0.24,0.016,0.01,198,44,22,22,50.0,222112.34,-133804.89,53.18,,45.14,927544.8000000002,-463826.2000000002,194.28,0.51,0.52,0.0134,0.02
VKCO,breakout_ols,1h,True,Bayesian_TPE,"{""sampler"":""TPESampler"",""seed"":42,""n_trials"":50,""direction"":""maximize"",""objective"":""composite = Sharpe * (Return% / MaxDD%)""}",1,1.056,"{""lookback"":298,""pivot_window"":4,""min_touches"":5,""tolerance_atr_mult"":1.1,""cluster_atr_mult"":1.1,""confirmation_bars"":3,""cooldown_bars"":19,""allowshort"":true}",2014-01-01,2024-12-31,2025-01-01,2026-04-20,2014-01-01,2026-04-20,281,80,35,45,43.75,80683.69,-35715.86,5.88,141.06,30.3,452660.9999999999,-112320.0,121.67,0.67,0.57,0.0055,0.01,196,55,22,33,40.0,28842.83,-21991.12,4.55,109.31,33.78,100040.39999999992,-92732.00000000004,-9.12,-0.06,-0.06,0.004,-0.0,477,134,57,77,42.54,73440.32,-41356.36,5.46,131.05,33.79,425879.9999999999,-204273.30000000005,100.17,0.43,0.38,0.005,0.01
VKCO,breakout_ols,1h,True,Bayesian_TPE,"{""sampler"":""TPESampler"",""seed"":42,""n_trials"":50,""direction"":""maximize"",""objective"":""composite = Sharpe * (Return% / MaxDD%)""}",2,0.838,"{""lookback"":283,""pivot_window"":4,""min_touches"":5,""tolerance_atr_mult"":0.95,""cluster_atr_mult"":1.1,""confirmation_bars"":3,""cooldown_bars"":18,""allowshort"":true}",2014-01-01,2024-12-31,2025-01-01,2026-04-20,2014-01-01,2026-04-20,291,78,38,39,48.72,59139.04,-31633.14,5.98,143.47,28.79,409901.99999999977,-103784.79999999996,101.36,0.61,0.51,0.0054,0.01,206,58,22,35,37.93,34968.86,-19375.83,4.26,102.12,22.9,102427.80000000005,-75928.30000000016,9.12,0.21,0.21,0.0038,0.0,497,136,60,74,44.12,60956.03,-34405.61,5.29,127.07,28.79,331272.9999999998,-146952.4000000003,111.13,0.46,0.4,0.0049,0.01
VKCO,breakout_ols,1h,True,Bayesian_TPE,"{""sampler"":""TPESampler"",""seed"":42,""n_trials"":50,""direction"":""maximize"",""objective"":""composite = Sharpe * (Return% / MaxDD%)""}",3,0.821,"{""lookback"":300,""pivot_window"":4,""min_touches"":5,""tolerance_atr_mult"":1.05,""cluster_atr_mult"":1.1,""confirmation_bars"":3,""cooldown_bars"":18,""allowshort"":true}",2014-01-01,2024-12-31,2025-01-01,2026-04-20,2014-01-01,2026-04-20,292,80,34,46,42.5,74568.7,-32512.1,6.02,144.47,30.4,416550.1999999999,-103760.0,103.98,0.61,0.53,0.0055,0.01,200,57,24,33,42.11,30336.59,-23385.57,4.38,105.12,29.36,100040.39999999992,-92732.00000000004,-4.36,0.01,0.01,0.0039,0.0,492,137,58,79,42.34,67840.61,-38373.92,5.41,129.78,30.4,407825.5999999999,-184579.70000000004,90.32,0.41,0.36,0.0049,0.01
VKCO,breakout_ols,1h,True,Bayesian_TPE,"{""sampler"":""TPESampler"",""seed"":42,""n_trials"":50,""direction"":""maximize"",""objective"":""composite = Sharpe * (Return% / MaxDD%)""}",4,0.731,"{""lookback"":300,""pivot_window"":4,""min_touches"":5,""tolerance_atr_mult"":1.1,""cluster_atr_mult"":1.1500000000000001,""confirmation_bars"":3,""cooldown_bars"":18,""allowshort"":true}",2014-01-01,2024-12-31,2025-01-01,2026-04-20,2014-01-01,2026-04-20,289,81,33,48,40.74,73687.52,-30636.53,5.81,139.48,30.23,400472.5999999999,-100403.80000000006,96.11,0.59,0.5,0.0054,0.01,201,58,25,33,43.1,29779.33,-23731.38,4.31,103.34,29.9,100040.39999999992,-92015.00000000004,-3.87,0.02,0.02,0.0039,0.0,490,139,58,81,41.73,65663.5,-36655.37,5.25,126.06,30.23,388897.5999999999,-176095.20000000004,83.94,0.39,0.35,0.0049,0.01
VKCO,breakout_ols,1h,True,Bayesian_TPE,"{""sampler"":""TPESampler"",""seed"":42,""n_trials"":50,""direction"":""maximize"",""objective"":""composite = Sharpe * (Return% / MaxDD%)""}",5,0.731,"{""lookback"":300,""pivot_window"":4,""min_touches"":5,""tolerance_atr_mult"":1.1,""cluster_atr_mult"":1.1500000000000001,""confirmation_bars"":3,""cooldown_bars"":18,""allowshort"":true}",2014-01-01,2024-12-31,2025-01-01,2026-04-20,2014-01-01,2026-04-20,289,81,33,48,40.74,73687.52,-30636.53,5.81,139.48,30.23,400472.5999999999,-100403.80000000006,96.11,0.59,0.5,0.0054,0.01,201,58,25,33,43.1,29779.33,-23731.38,4.31,103.34,29.9,100040.39999999992,-92015.00000000004,-3.87,0.02,0.02,0.0039,0.0,490,139,58,81,41.73,65663.5,-36655.37,5.25,126.06,30.23,388897.5999999999,-176095.20000000004,83.94,0.39,0.35,0.0049,0.01
GAZP,breakout_ols,1h,False,Bayesian_TPE,"{""sampler"":""TPESampler"",""seed"":42,""n_trials"":50,""direction"":""maximize"",""objective"":""composite = Sharpe * (Return% / MaxDD%)""}",1,12.498,"{""lookback"":176,""pivot_window"":5,""min_touches"":5,""tolerance_atr_mult"":0.5,""cluster_atr_mult"":0.35,""confirmation_bars"":1,""cooldown_bars"":4,""allowshort"":false}",2014-01-01,2024-12-31,2025-01-01,2026-04-20,2014-01-01,2026-04-20,1365,203,99,103,48.77,178714.58,-77375.08,9.64,231.24,27.23,2342012.3999999994,-738291.3999999998,972.31,0.89,0.87,0.0036,0.01,269,41,22,19,53.66,55815.83,-36819.5,5.74,137.66,30.73,205933.77000000002,-178580.8999999999,52.84,0.79,0.78,0.0036,0.01,1634,244,121,122,49.59,255045.5,-126816.25,8.98,215.52,30.74,2342012.3999999994,-1915085.499999999,1538.89,0.87,0.85,0.0036,0.01
GAZP,breakout_ols,1h,False,Bayesian_TPE,"{""sampler"":""TPESampler"",""seed"":42,""n_trials"":50,""direction"":""maximize"",""objective"":""composite = Sharpe * (Return% / MaxDD%)""}",2,10.359,"{""lookback"":169,""pivot_window"":5,""min_touches"":5,""tolerance_atr_mult"":0.5,""cluster_atr_mult"":0.35,""confirmation_bars"":1,""cooldown_bars"":4,""allowshort"":false}",2014-01-01,2024-12-31,2025-01-01,2026-04-20,2014-01-01,2026-04-20,1395,203,103,100,50.74,165421.33,-79653.22,9.86,236.68,29.78,2064803.6100000003,-602742.1400000002,907.31,0.87,0.86,0.0036,0.01,260,42,21,21,50.0,48915.8,-34360.21,5.49,131.74,30.63,229707.24000000005,-177893.7999999999,30.57,0.52,0.51,0.0036,0.01,1655,245,124,121,50.61,220858.49,-125901.6,9.11,218.69,30.63,2313910.4100000006,-1791958.999999999,1215.24,0.81,0.8,0.0036,0.01
GAZP,breakout_ols,1h,False,Bayesian_TPE,"{""sampler"":""TPESampler"",""seed"":42,""n_trials"":50,""direction"":""maximize"",""objective"":""composite = Sharpe * (Return% / MaxDD%)""}",3,10.161,"{""lookback"":167,""pivot_window"":5,""min_touches"":5,""tolerance_atr_mult"":0.35,""cluster_atr_mult"":0.3,""confirmation_bars"":1,""cooldown_bars"":6,""allowshort"":false}",2014-01-01,2024-12-31,2025-01-01,2026-04-20,2014-01-01,2026-04-20,1270,204,101,103,49.51,167789.03,-76618.79,9.77,234.37,30.3,2129478.6900000004,-592020.0000000002,905.5,0.87,0.86,0.0036,0.01,233,41,19,22,46.34,53696.44,-31605.6,5.5,131.98,28.18,222953.01000000007,-178769.34999999992,32.49,0.55,0.53,0.0036,0.01,1503,245,120,125,48.98,226714.37,-119069.43,9.05,217.23,30.3,2241992.1300000004,-1797638.8499999992,1232.2,0.81,0.81,0.0036,0.01
GAZP,breakout_ols,1h,False,Bayesian_TPE,"{""sampler"":""TPESampler"",""seed"":42,""n_trials"":50,""direction"":""maximize"",""objective"":""composite = Sharpe * (Return% / MaxDD%)""}",4,7.95,"{""lookback"":171,""pivot_window"":5,""min_touches"":5,""tolerance_atr_mult"":0.5,""cluster_atr_mult"":0.35,""confirmation_bars"":1,""cooldown_bars"":4,""allowshort"":false}",2014-01-01,2024-12-31,2025-01-01,2026-04-20,2014-01-01,2026-04-20,1388,208,104,104,50.0,140305.62,-68267.0,9.69,232.52,29.78,1623139.5200000003,-555314.7600000002,749.2,0.81,0.8,0.0036,0.01,262,42,20,22,47.62,48158.66,-30864.81,5.29,126.93,29.97,198500.37000000002,-164380.47999999998,28.41,0.5,0.48,0.0035,0.01,1650,250,124,126,49.6,183641.81,-102115.04,8.95,214.78,29.97,1685809.35,-1396087.0399999998,990.51,0.75,0.75,0.0036,0.01
GAZP,breakout_ols,1h,True,Bayesian_TPE,"{""sampler"":""TPESampler"",""seed"":42,""n_trials"":50,""direction"":""maximize"",""objective"":""composite = Sharpe * (Return% / MaxDD%)""}",5,7.909,"{""lookback"":176,""pivot_window"":6,""min_touches"":4,""tolerance_atr_mult"":0.55,""cluster_atr_mult"":0.55,""confirmation_bars"":1,""cooldown_bars"":3,""allowshort"":true}",2014-01-01,2024-12-31,2025-01-01,2026-04-20,2014-01-01,2026-04-20,1569,221,94,127,42.53,198644.92,-72757.39,9.01,216.13,40.67,2201843.5399999996,-883545.6,943.24,0.87,0.85,0.0037,0.01,328,51,18,33,35.29,58578.8,-23650.31,4.52,108.49,31.58,227108.69999999987,-168009.9999999999,27.4,0.49,0.47,0.0035,0.01,1897,271,111,160,40.96,262686.67,-107419.05,8.24,197.86,40.67,2312573.8999999985,-1710797.5999999992,1197.12,0.8,0.78,0.0037,0.01
