begin,open,close,high,low,value,volume,end
2021-12-14,914.4,897.4,950.0,842.8,1565151030.8,1784849,2021-12-14 23:59:59
2021-12-15,900.0,961.0,973.8,883.6,2107221289.8,2234113,2021-12-15 23:59:59
2021-12-16,966.0,982.8,1019.0,951.4,2416470817.4,2446405,2021-12-16 23:59:59
2021-12-17,983.0,962.0,1002.2,940.0,1057159726.2,1109841,2021-12-17 23:59:59
2021-12-20,957.2,912.0,957.8,891.0,1037947894.8,1132410,2021-12-20 23:59:59
2021-12-21,915.0,924.6,948.0,915.0,710278531.8,766547,2021-12-21 23:59:59
2021-12-22,924.6,912.2,929.6,895.0,836681988.4,917662,2021-12-22 23:59:59
2021-12-23,912.2,880.2,918.0,872.6,1416978117.6,1592365,2021-12-23 23:59:59
2021-12-24,878.4,877.0,884.2,850.0,1474501677.0,1703966,2021-12-24 23:59:59
2021-12-27,878.0,884.8,899.0,877.0,1011151700.2,1136117,2021-12-27 23:59:59
2021-12-28,885.0,876.6,894.2,870.0,892531143.2,1012598,2021-12-28 23:59:59
2021-12-29,876.0,865.4,883.0,860.0,585991799.0,674707,2021-12-29 23:59:59
2021-12-30,865.4,872.4,874.0,859.4,338826956.6,390665,2021-12-30 23:59:59
2022-01-03,873.0,885.8,889.8,869.0,411726556.6,467181,2022-01-03 23:59:59
2022-01-04,888.8,874.0,888.8,865.2,509271682.8,580670,2022-01-04 23:59:59
2022-01-05,874.0,816.2,878.8,813.2,1117989360.2,1320094,2022-01-05 23:59:59
2022-01-06,811.6,793.0,836.2,774.0,1805262159.0,2259097,2022-01-06 23:59:59
2022-01-10,796.0,766.8,805.0,752.6,1030828768.8,1338276,2022-01-10 23:59:59
2022-01-11,770.0,770.8,780.2,756.0,1030890838.4,1341606,2022-01-11 23:59:59
2022-01-12,770.0,770.4,791.6,763.0,1304625039.4,1678976,2022-01-12 23:59:59
2022-01-13,768.4,754.6,783.0,739.4,1161175199.0,1513137,2022-01-13 23:59:59
2022-01-14,754.6,686.4,765.0,660.0,3023797942.2,4356562,2022-01-14 23:59:59
2022-01-17,686.4,710.6,722.2,652.0,1701769677.6,2462747,2022-01-17 23:59:59
2022-01-18,710.6,662.8,718.8,640.0,2676602653.2,4020352,2022-01-18 23:59:59
2022-01-19,664.8,675.6,696.8,612.2,2871070800.4,4364350,2022-01-19 23:59:59
2022-01-20,670.4,683.0,741.0,670.4,1973146281.6,2822694,2022-01-20 23:59:59
2022-01-21,684.0,645.8,688.4,640.2,1625530761.6,2457243,2022-01-21 23:59:59
2022-01-24,651.0,596.2,662.4,556.8,3177904313.0,5361048,2022-01-24 23:59:59
2022-01-25,595.0,594.2,613.4,562.2,1822918490.4,3144321,2022-01-25 23:59:59
2022-01-26,596.0,583.0,604.0,567.8,1748433494.4,2974043,2022-01-26 23:59:59
2022-01-27,576.0,591.2,609.4,571.0,2127172759.0,3584338,2022-01-27 23:59:59
2022-01-28,594.4,597.0,607.8,585.0,1367835891.6,2296423,2022-01-28 23:59:59
2022-01-31,597.2,630.0,635.0,597.2,1782620553.0,2904546,2022-01-31 23:59:59
2022-02-01,630.2,655.6,666.6,630.2,1911143925.0,2948558,2022-02-01 23:59:59
2022-02-02,659.8,633.0,685.0,615.6,1956755220.2,3000361,2022-02-02 23:59:59
2022-02-03,621.0,602.0,624.8,588.8,1623492182.2,2683731,2022-02-03 23:59:59
2022-02-04,611.0,580.8,623.0,555.0,1770556397.4,3017470,2022-02-04 23:59:59
2022-02-07,583.6,581.8,592.8,564.8,802770096.8,1389919,2022-02-07 23:59:59
2022-02-08,580.0,609.8,614.0,578.2,842533885.4,1416064,2022-02-08 23:59:59
2022-02-09,610.0,635.0,639.6,609.0,939383067.4,1495182,2022-02-09 23:59:59
2022-02-10,647.0,607.4,656.4,598.4,1655180640.2,2669195,2022-02-10 23:59:59
2022-02-11,607.4,584.8,612.0,575.0,1049268151.6,1773598,2022-02-11 23:59:59
2022-02-14,580.2,596.0,596.0,559.8,1179351756.6,2041158,2022-02-14 23:59:59
2022-02-15,595.0,617.4,628.6,594.2,1271583946.0,2076266,2022-02-15 23:59:59
2022-02-16,619.4,614.6,640.0,596.0,1326846723.2,2152867,2022-02-16 23:59:59
2022-02-17,614.4,588.0,614.4,580.0,952485906.4,1613568,2022-02-17 23:59:59
2022-02-18,589.0,559.2,601.6,549.4,1251887529.2,2196328,2022-02-18 23:59:59
2022-02-21,555.0,420.0,580.6,399.8,5128979932.8,10782171,2022-02-21 23:59:59
2022-02-22,419.8,479.8,485.8,348.2,3938936434.4,9240590,2022-02-22 23:59:59
2022-02-24,429.2,309.0,429.2,235.0,1491123099.0,5108895,2022-02-24 23:59:59
2022-02-25,277.2,296.0,366.4,277.2,1058084399.6,3471329,2022-02-25 23:59:59
2022-03-29,299.0,510.0,534.4,299.0,1739494098.8,3667479,2022-03-29 23:59:59
2022-03-30,561.0,559.4,699.8,530.4,3526370232.2,5857240,2022-03-30 23:59:59
2022-03-31,563.2,567.0,596.0,510.6,1460417529.8,2594786,2022-03-31 23:59:59
2022-04-01,578.8,556.2,578.8,530.0,693244074.8,1244081,2022-04-01 23:59:59
2022-04-04,565.0,536.0,565.0,515.0,612504728.8,1126935,2022-04-04 23:59:59
2022-04-05,543.2,502.2,543.2,476.8,666068176.2,1307850,2022-04-05 23:59:59
2022-04-06,502.2,502.0,550.0,483.0,937511770.2,1799640,2022-04-06 23:59:59
2022-04-07,502.0,492.0,524.6,490.0,383978558.2,759243,2022-04-07 23:59:59
2022-04-08,507.0,497.8,523.0,486.0,432917072.6,858581,2022-04-08 23:59:59
2022-04-11,520.4,488.0,520.4,486.0,264761565.6,530222,2022-04-11 23:59:59
2022-04-12,489.8,468.8,490.8,454.8,249024233.0,530294,2022-04-12 23:59:59
2022-04-13,466.0,466.8,481.8,457.6,185274381.4,395456,2022-04-13 23:59:59
2022-04-14,468.0,430.2,473.6,426.0,250987122.8,563026,2022-04-14 23:59:59
2022-04-15,425.2,422.6,440.2,407.8,201710029.6,477269,2022-04-15 23:59:59
2022-04-18,424.4,426.0,467.4,423.0,409682901.8,927601,2022-04-18 23:59:59
2022-04-19,429.8,422.0,442.8,400.2,288851673.0,682818,2022-04-19 23:59:59
2022-04-20,439.0,437.8,459.6,413.0,443560930.4,1009035,2022-04-20 23:59:59
2022-04-21,442.6,425.4,444.4,421.6,141650411.19999987,326617,2022-04-21 23:59:59
2022-04-22,426.0,416.8,441.0,411.2,160874965.2,378598,2022-04-22 23:59:59
2022-04-25,410.0,370.6,425.0,360.2,330247698.0,847148,2022-04-25 23:59:59
2022-04-26,370.0,378.2,390.0,358.4,418548506.2,1101657,2022-04-26 23:59:59
2022-04-27,383.0,432.0,432.0,378.2,700157365.2,1701730,2022-04-27 23:59:59
2022-04-28,441.0,404.0,457.0,401.0,1256444274.4,2922243,2022-04-28 23:59:59
2022-04-29,403.0,399.0,416.6,390.2,326516925.8,814792,2022-04-29 23:59:59
2022-05-04,404.0,386.8,417.8,386.0,255923586.4,637615,2022-05-04 23:59:59
2022-05-05,395.2,386.0,396.0,380.0,148855360.8,384612,2022-05-05 23:59:59
2022-05-06,388.6,374.6,388.8,370.0,122392605.4,325512,2022-05-06 23:59:59
2022-05-11,376.4,370.0,383.6,362.2,113456679.4,305207,2022-05-11 23:59:59
2022-05-12,371.4,338.4,371.4,326.4,178717207.4,513595,2022-05-12 23:59:59
2022-05-13,350.0,339.0,350.0,333.2,70974981.6,207796,2022-05-13 23:59:59
2022-05-16,347.6,349.0,355.0,341.2,99684382.0,286444,2022-05-16 23:59:59
2022-05-17,358.0,357.2,365.0,350.2,99340395.4,277619,2022-05-17 23:59:59
2022-05-18,362.8,375.2,384.4,355.4,210365455.8,564084,2022-05-18 23:59:59
2022-05-19,379.4,361.6,379.8,360.0,80536033.60000001,219965,2022-05-19 23:59:57
2022-05-20,363.0,350.2,370.0,349.0,118666826.2,331612,2022-05-20 23:59:59
2022-05-23,359.0,345.0,368.8,341.0,101546365.4,288453,2022-05-23 23:59:59
2022-05-24,349.2,335.6,349.2,324.0,88966197.8,265400,2022-05-24 23:59:59
2022-05-25,340.4,344.8,344.8,335.6,58986023.4,173362,2022-05-25 23:59:59
2022-05-26,346.8,351.4,364.4,345.0,149771972.0,425051,2022-05-26 23:59:59
2022-05-27,352.0,347.0,357.0,342.2,85517452.4,245372,2022-05-27 23:59:59
2022-05-30,348.8,340.2,357.8,340.0,88417401.0,254843,2022-05-30 23:59:59
2022-05-31,333.0,336.0,343.0,331.6,71330198.6,211659,2022-05-31 23:59:59
2022-06-01,358.2,333.4,358.2,331.0,89966566.0,264896,2022-06-01 23:59:59
2022-06-02,333.4,328.8,337.4,325.2,95624014.6,289727,2022-06-02 23:59:59
2022-06-03,330.0,307.8,330.6,303.8,177998248.2,567620,2022-06-03 23:59:59
2022-06-06,307.8,288.0,308.0,285.0,239394708.4,818314,2022-06-06 23:59:59
2022-06-07,280.2,280.2,289.2,266.0,211851520.4,764198,2022-06-07 23:59:59
2022-06-08,283.4,290.0,296.8,283.4,117293119.4,405209,2022-06-08 23:59:59
2022-06-09,285.4,279.0,288.8,275.8,87309113.4,312278,2022-06-09 23:59:59
2022-06-10,279.0,280.0,284.4,270.2,71667738.4,257015,2022-06-10 23:59:59
2022-06-14,275.0,269.0,278.8,257.4,94909998.0,351296,2022-06-14 23:59:59
2022-06-15,275.0,300.8,305.0,271.2,504715466.0,1715290,2022-06-15 23:59:59
2022-06-16,307.2,313.6,322.8,301.2,412995738.4,1315910,2022-06-16 23:59:59
2022-06-17,318.6,308.0,322.2,303.0,198170503.4,637630,2022-06-17 23:59:59
2022-06-20,310.0,310.0,315.8,302.2,112935623.6,366000,2022-06-20 23:59:59
2022-06-21,313.0,300.0,313.2,292.0,106012908.8,348681,2022-06-21 23:59:59
2022-06-22,297.8,292.8,297.8,287.4,68166934.8,233232,2022-06-22 23:59:59
2022-06-23,298.0,310.6,314.4,290.4,264305645.0,856248,2022-06-23 23:59:59
2022-06-24,312.0,302.8,312.0,297.8,107762208.0,354393,2022-06-24 23:59:59
2022-06-27,300.0,316.2,318.4,300.0,214459326.4,684333,2022-06-27 23:59:59
2022-06-28,316.0,338.4,339.0,315.0,370168703.4,1129782,2022-06-28 23:59:59
2022-06-29,339.0,324.0,339.4,317.0,168101733.6000001,515303,2022-06-29 23:59:57
2022-06-30,324.6,302.4,330.0,292.0,224536889.0,729514,2022-06-30 23:59:59
2022-07-01,300.0,303.0,308.6,292.0,100349571.2,333868,2022-07-01 23:59:59
2022-07-04,303.0,315.6,325.0,301.6,206002236.8,651686,2022-07-04 23:59:59
2022-07-05,319.0,314.8,321.2,308.0,103701941.2,331033,2022-07-05 23:59:59
2022-07-06,312.8,321.0,335.2,310.6,451160002.8,1385929,2022-07-06 23:59:59
2022-07-07,326.0,332.8,332.8,321.8,175686332.4,534852,2022-07-07 23:59:59
2022-07-08,335.0,328.8,341.6,323.2,152939953.8,460014,2022-07-08 23:59:59
2022-07-11,329.8,323.0,332.8,321.0,78127118.0,239854,2022-07-11 23:59:59
2022-07-12,321.8,319.8,322.8,304.2,141699952.8,450788,2022-07-12 23:59:59
2022-07-13,320.8,307.8,323.8,301.0,143419212.0,463412,2022-07-13 23:59:59
2022-07-14,305.2,300.8,312.2,297.0,92409494.0,302790,2022-07-14 23:59:59
2022-07-15,303.0,307.6,311.6,301.0,100665137.4,327985,2022-07-15 23:59:59
2022-07-18,312.2,322.2,327.0,306.0,161566639.2,507813,2022-07-18 23:59:59
2022-07-19,325.4,319.6,325.8,311.4,71983091.4,227655,2022-07-19 23:59:59
2022-07-20,321.0,315.8,326.0,315.0,138473561.6,431668,2022-07-20 23:59:59
2022-07-21,317.8,311.4,319.0,306.2,85322411.6,273588,2022-07-21 23:59:59
2022-07-22,312.8,318.2,321.2,312.0,65097053.4,204896,2022-07-22 23:59:59
2022-07-25,322.0,360.2,360.2,315.6,693947680.2,2029269,2022-07-25 23:59:59
2022-07-26,362.2,410.0,410.0,361.0,1429538481.2,3715573,2022-07-26 23:59:59
2022-07-27,416.0,400.0,424.0,390.0,872826971.8,2157313,2022-07-27 23:59:59
2022-07-28,402.4,414.4,420.0,392.4,789721537.8,1929043,2022-07-28 23:59:59
2022-07-29,415.8,409.0,419.2,399.0,481951344.6,1175305,2022-07-29 23:59:59
2022-08-01,409.0,391.0,413.0,385.0,294650795.4000003,748549,2022-08-01 23:59:58
2022-08-02,388.2,365.6,390.4,365.2,277228110.0,735640,2022-08-02 23:59:59
2022-08-03,365.2,402.4,402.4,365.2,507126726.0,1307370,2022-08-03 23:59:59
2022-08-04,409.6,413.8,431.4,407.0,868976248.6,2070584,2022-08-04 23:59:59
2022-08-05,415.6,387.6,421.2,383.2,514205946.0,1293170,2022-08-05 23:59:59
2022-08-08,419.0,411.8,419.6,401.4,323719875.4,788843,2022-08-08 23:59:59
2022-08-09,415.8,444.0,448.0,402.0,869802352.4,2027277,2022-08-09 23:59:59
2022-08-10,450.0,461.0,482.0,443.0,1444384399.0,3115087,2022-08-10 23:59:59
2022-08-11,455.0,407.0,455.0,405.2,1529361992.2,3575390,2022-08-11 23:59:59
2022-08-12,404.4,418.0,425.0,391.2,802708554.4,1948852,2022-08-12 23:59:59
2022-08-15,414.2,411.0,423.8,404.4,305098425.6,740039,2022-08-15 23:59:59
2022-08-16,414.0,413.8,415.6,407.0,199605893.2,485677,2022-08-16 23:59:59
2022-08-17,425.0,419.6,433.0,416.4,417380857.8,983775,2022-08-17 23:59:59
2022-08-18,422.0,416.2,422.0,411.4,109514968.6,263522,2022-08-18 23:59:59
2022-08-19,413.0,414.4,414.8,404.0,145785227.4,355891,2022-08-19 23:59:59
2022-08-22,415.0,421.8,430.2,410.2,327214158.8,774476,2022-08-22 23:59:59
2022-08-23,426.8,447.8,447.8,419.2,623772250.6,1435798,2022-08-23 23:59:59
2022-08-24,447.8,429.0,449.6,425.2,381221450.0,872404,2022-08-24 23:59:59
2022-08-25,430.0,433.2,440.0,430.0,159276325.6,365374,2022-08-25 23:59:59
2022-08-26,435.4,436.8,437.6,430.4,80155328.8,184323,2022-08-26 23:59:59
2022-08-29,435.2,433.0,439.8,426.2,177302925.2,410469,2022-08-29 23:59:59
2022-08-30,433.0,429.2,438.0,425.4,247902730.4,573676,2022-08-30 23:59:59
2022-08-31,428.0,428.0,441.0,412.2,253489534.8,594152,2022-08-31 23:59:59
2022-09-01,430.0,422.0,430.0,420.2,123654291.2,291723,2022-09-01 23:59:59
2022-09-02,422.4,419.6,424.0,415.0,182228784.4,435454,2022-09-02 23:59:59
2022-09-05,422.8,431.6,437.4,417.6,301427526.0,704332,2022-09-05 23:59:59
2022-09-06,434.8,418.0,436.0,400.6,426317781.0,1014093,2022-09-06 23:59:59
2022-09-07,422.0,422.0,433.8,417.6,289794070.0,678318,2022-09-07 23:59:59
2022-09-08,421.0,423.0,429.8,418.2,172470100.8,404976,2022-09-08 23:59:59
2022-09-09,425.0,437.0,439.8,424.0,302298396.0,697812,2022-09-09 23:59:59
2022-09-12,438.4,468.0,473.8,430.2,961790632.4,2097040,2022-09-12 23:59:59
2022-09-13,469.8,461.8,474.2,455.8,474675483.0,1020823,2022-09-13 23:59:59
2022-09-14,460.0,464.8,467.6,451.0,309420433.6,673807,2022-09-14 23:59:59
2022-09-15,467.0,484.6,487.8,466.0,627912923.8,1316710,2022-09-15 23:59:59
2022-09-16,487.2,510.0,514.6,481.0,1308234179.2,2605089,2022-09-16 23:59:59
2022-09-19,512.0,550.2,550.2,507.0,1978897313.4,3694077,2022-09-19 23:59:59
2022-09-20,550.2,493.0,559.6,460.2,6598453509.8,12855043,2022-09-20 23:59:59
2022-09-21,441.0,447.6,484.4,416.0,2220548292.6,4888504,2022-09-21 23:59:59
2022-09-22,448.0,469.6,477.8,448.0,1454320434.2,3120423,2022-09-22 23:59:59
2022-09-23,470.0,419.8,472.8,406.8,1554324210.6,3561659,2022-09-23 23:59:59
2022-09-26,414.2,330.2,414.2,330.2,2445116785.0,6707300,2022-09-26 23:59:59
2022-09-27,335.0,375.4,382.2,318.4,2575879135.4,7400133,2022-09-27 23:59:59
2022-09-28,374.0,362.0,389.4,345.0,1861106424.6,5128218,2022-09-28 23:59:59
2022-09-29,366.8,356.0,373.8,346.2,1090122201.8,3063942,2022-09-29 23:59:59
2022-09-30,357.0,363.2,370.0,329.0,1033708803.8,2945411,2022-09-30 23:59:59
2022-10-03,370.8,392.2,394.4,366.0,1111162479.6,2922100,2022-10-03 23:59:59
2022-10-04,396.0,390.4,405.8,384.2,1439004788.8,3642718,2022-10-04 23:59:59
2022-10-05,387.4,390.0,394.0,365.2,976646603.4,2568761,2022-10-05 23:59:59
2022-10-06,394.4,386.4,399.0,385.2,544012264.4,1382477,2022-10-06 23:59:59
2022-10-07,386.4,360.8,387.2,358.8,572553988.6,1534197,2022-10-07 23:59:59
2022-10-10,339.0,382.4,383.6,336.6,862721900.4,2348758,2022-10-10 23:59:59
2022-10-11,383.8,403.4,408.4,380.8,663312039.6,1680457,2022-10-11 23:59:59
2022-10-12,404.0,427.6,434.0,398.0,1276133692.2,3046736,2022-10-12 23:59:59
2022-10-13,428.2,440.0,441.2,418.2,844904528.4,1966656,2022-10-13 23:59:59
2022-10-14,450.0,439.0,451.8,426.2,805577843.2,1846898,2022-10-14 23:59:59
2022-10-17,442.2,455.2,457.8,440.2,782608208.4,1738482,2022-10-17 23:59:59
2022-10-18,458.6,429.2,460.0,425.2,983243233.6,2215452,2022-10-18 23:59:59
2022-10-19,428.8,436.0,439.6,414.0,1105555910.8,2590178,2022-10-19 23:59:59
2022-10-20,444.0,435.0,447.0,430.4,532142898.2,1209022,2022-10-20 23:59:59
2022-10-21,435.8,440.6,442.0,426.0,342897864.2,787315,2022-10-21 23:59:59
2022-10-24,445.6,437.6,448.0,433.0,279834011.4,637562,2022-10-24 23:59:59
2022-10-25,434.8,448.2,452.8,418.6,566462521.0,1285990,2022-10-25 23:59:59
2022-10-26,448.6,450.2,453.4,443.6,362753298.4,807644,2022-10-26 23:59:59
2022-10-27,452.0,446.2,456.8,438.6,423819961.8,944884,2022-10-27 23:59:59
2022-10-28,444.8,446.4,450.8,430.8,347296153.8,785869,2022-10-28 23:59:59
2022-10-31,450.8,453.0,455.0,445.0,250375984.8,556401,2022-10-31 23:59:59
2022-11-01,455.0,468.8,468.8,453.2,699590864.8,1510895,2022-11-01 23:59:59
2022-11-02,470.0,449.6,472.0,442.0,581009435.0,1266208,2022-11-02 23:59:59
2022-11-03,446.2,455.4,458.4,438.2,470737269.6,1047101,2022-11-03 23:59:59
2022-11-07,464.2,469.8,470.2,459.0,406336343.6,871804,2022-11-07 23:59:59
2022-11-08,470.4,476.2,479.6,462.4,453175820.8,960497,2022-11-08 23:59:59
2022-11-09,476.8,464.0,485.8,442.2,947575629.2,2021192,2022-11-09 23:59:59
2022-11-10,468.0,502.4,506.8,466.4,1913982854.2,3893047,2022-11-10 23:59:59
2022-11-11,504.8,499.8,506.4,490.0,552748177.2,1109554,2022-11-11 23:59:59
2022-11-14,501.4,521.0,532.0,496.0,834245372.8,1605923,2022-11-14 23:59:59
2022-11-15,522.0,497.8,528.6,472.2,1533693997.2,3068220,2022-11-15 23:59:59
2022-11-16,501.0,508.0,512.0,495.6,453952250.8,897824,2022-11-16 23:59:59
2022-11-17,509.8,505.2,518.6,495.8,473048738.2,929607,2022-11-17 23:59:59
2022-11-18,501.2,502.4,510.8,498.0,309843443.8,615330,2022-11-18 23:59:59
2022-11-21,502.4,489.8,502.4,481.6,491450408.8,1001834,2022-11-21 23:59:59
2022-11-22,489.0,501.2,506.8,486.4,540117101.6,1083618,2022-11-22 23:59:59
2022-11-23,501.2,505.6,509.0,496.0,379619398.0,754640,2022-11-23 23:59:59
2022-11-24,505.8,506.8,510.6,501.2,246048987.0,486493,2022-11-24 23:59:59
2022-11-25,506.8,498.8,507.0,497.2,174552871.4,348544,2022-11-25 23:59:59
2022-11-28,495.4,495.8,500.2,490.4,257510619.0,519660,2022-11-28 23:59:59
2022-11-29,497.0,499.4,502.8,496.6,136535579.6,273244,2022-11-29 23:59:59
2022-11-30,499.4,506.4,510.0,496.2,149531232.2,298049,2022-11-30 23:59:59
2022-12-01,508.2,501.8,509.0,498.2,161496590.0,320654,2022-12-01 23:59:59
2022-12-02,502.4,496.6,502.4,492.2,184848449.8,372169,2022-12-02 23:59:59
2022-12-05,496.0,498.2,503.4,492.2,181879424.6,364516,2022-12-05 23:59:59
2022-12-06,498.2,487.8,499.6,470.0,234806444.4,480252,2022-12-06 23:59:59
2022-12-07,484.2,484.6,486.8,477.6,238448505.8,495432,2022-12-07 23:59:59
2022-12-08,484.6,474.4,488.0,471.4,294719231.2,618495,2022-12-08 23:59:59
2022-12-09,473.4,471.2,482.8,470.2,161973979.0,341788,2022-12-09 23:59:59
2022-12-12,471.6,468.2,474.2,460.2,170908523.4,365628,2022-12-12 23:59:59
2022-12-13,469.8,463.6,470.0,458.0,164912523.8,356122,2022-12-13 23:59:59
2022-12-14,465.0,443.0,465.0,438.4,437416095.2,979518,2022-12-14 23:59:59
2022-12-15,442.0,441.2,448.0,428.0,477661185.2,1089337,2022-12-15 23:59:59
2022-12-16,441.2,442.6,446.8,438.0,138875404.0,313857,2022-12-16 23:59:59
2022-12-19,443.0,433.4,443.4,428.0,331245288.6,762319,2022-12-19 23:59:59
2022-12-20,430.0,449.4,452.2,428.8,365644185.0,830083,2022-12-20 23:59:59
2022-12-21,454.8,440.0,455.0,434.0,346440706.8,783566,2022-12-21 23:59:59
2022-12-22,440.0,460.8,462.6,436.0,368731432.6,820814,2022-12-22 23:59:59
2022-12-23,458.4,451.0,469.0,448.6,441590494.4,964589,2022-12-23 23:59:59
2022-12-26,451.2,452.6,457.6,445.0,205172876.2,454305,2022-12-26 23:59:59
2022-12-27,454.8,453.2,457.2,449.0,187663963.6,413797,2022-12-27 23:59:59
2022-12-28,453.2,440.6,453.6,438.4,191889355.4,432375,2022-12-28 23:59:59
2022-12-29,440.0,441.6,446.4,437.2,160038254.4,362191,2022-12-29 23:59:59
2022-12-30,440.0,437.0,442.6,432.6,169311736.0,388327,2022-12-30 23:59:59
2023-01-03,438.2,446.8,454.6,435.8,144024584.8,323261,2023-01-03 23:59:59
2023-01-04,448.0,451.2,459.4,442.6,155326649.6,343396,2023-01-04 23:59:59
2023-01-05,453.0,450.6,456.4,450.0,126620470.4,279754,2023-01-05 23:59:59
2023-01-06,450.6,446.6,451.0,442.4,68955521.4,154080,2023-01-06 23:59:59
2023-01-09,449.0,451.0,453.4,446.6,85707054.4,190471,2023-01-09 23:59:59
2023-01-10,451.0,449.8,451.0,445.8,78456528.0,174875,2023-01-10 23:59:59
2023-01-11,451.0,462.8,466.0,450.0,388476240.6,846597,2023-01-11 23:59:59
2023-01-12,463.2,469.4,472.0,457.0,218269715.8,469920,2023-01-12 23:59:59
2023-01-13,469.8,473.4,476.4,466.0,265793229.2,563920,2023-01-13 23:59:59
2023-01-16,479.8,489.8,491.8,476.4,459670359.4,947086,2023-01-16 23:59:59
2023-01-17,490.6,474.2,492.0,471.0,449668733.4,941143,2023-01-17 23:59:59
2023-01-18,477.4,476.8,483.2,465.0,283292886.2,594338,2023-01-18 23:59:59
2023-01-19,475.0,467.6,480.0,466.8,180210076.4,382928,2023-01-19 23:59:59
2023-01-20,469.6,468.2,472.2,461.0,127595409.2,273058,2023-01-20 23:59:59
2023-01-23,469.8,482.0,482.8,469.0,279525865.6,584566,2023-01-23 23:59:59
2023-01-24,484.6,474.4,484.8,473.0,222675292.8,465777,2023-01-24 23:59:59
2023-01-25,472.6,478.4,478.4,471.0,140687373.6,296567,2023-01-25 23:59:59
2023-01-26,479.0,476.2,480.0,474.0,77899440.8,163569,2023-01-26 23:59:59
2023-01-27,476.2,475.0,480.0,468.2,156922756.8,332040,2023-01-27 23:59:59
2023-01-30,478.0,482.2,483.2,474.2,198248442.0,412951,2023-01-30 23:59:59
2023-01-31,483.8,488.2,492.6,482.2,458772915.4,942880,2023-01-31 23:59:59
2023-02-01,490.6,488.8,497.0,480.2,458986298.8,935261,2023-02-01 23:59:59
2023-02-02,495.8,492.0,501.0,486.6,304423464.2,616337,2023-02-02 23:59:59
2023-02-03,491.8,485.2,491.8,481.6,166710888.6,343044,2023-02-03 23:59:59
2023-02-06,485.4,493.4,495.0,485.4,174763013.2,355298,2023-02-06 23:59:59
2023-02-07,493.4,490.8,499.4,487.2,230430872.8,467989,2023-02-07 23:59:59
2023-02-08,491.6,487.6,491.8,480.8,203850679.4,419041,2023-02-08 23:59:59
2023-02-09,485.6,482.0,487.6,476.0,175086897.0,363354,2023-02-09 23:59:59
2023-02-10,480.0,481.0,482.2,478.2,81950025.8,170625,2023-02-10 23:59:59
2023-02-13,484.0,482.4,490.8,481.2,185972150.6,382458,2023-02-13 23:59:59
2023-02-14,482.4,485.6,505.0,482.4,1251615042.6,2532687,2023-02-14 23:59:59
2023-02-15,482.2,460.0,483.4,451.0,1075499089.2,2308346,2023-02-15 23:59:59
2023-02-16,462.0,456.4,468.8,452.0,345444966.4,747951,2023-02-16 23:59:59
2023-02-17,455.0,456.4,461.0,451.2,201840642.0,443092,2023-02-17 23:59:59
2023-02-20,460.2,456.4,460.6,446.0,264325058.2,583435,2023-02-20 23:59:59
2023-02-21,460.0,468.2,479.8,457.2,439804515.2,941553,2023-02-21 23:59:59
2023-02-22,470.0,465.4,470.4,463.2,108127000.8,232083,2023-02-22 23:59:59
2023-02-24,465.0,473.4,473.6,464.4,194609022.0,413350,2023-02-24 23:59:59
2023-02-27,460.0,476.6,479.4,452.2,394559140.0,835540,2023-02-27 23:59:59
2023-02-28,479.6,475.6,482.2,471.0,236366325.0,496804,2023-02-28 23:59:59
2023-03-01,479.0,487.2,490.8,476.0,623052316.6,1283825,2023-03-01 23:59:59
2023-03-02,489.0,475.2,489.0,468.0,403055576.8,843048,2023-03-02 23:59:59
2023-03-03,475.6,479.8,481.8,475.6,151492425.0,315932,2023-03-03 23:59:59
2023-03-06,483.6,489.8,490.0,482.2,171923145.4,353196,2023-03-06 23:59:59
2023-03-07,491.0,486.8,492.8,483.2,140518554.8,288854,2023-03-07 23:59:59
2023-03-09,486.6,488.6,489.6,479.0,218050496.4,448638,2023-03-09 23:59:59
2023-03-10,486.0,485.6,487.8,481.8,152256735.4,313732,2023-03-10 23:59:59
2023-03-13,485.6,497.8,502.2,485.6,582185629.8,1172578,2023-03-13 23:59:59
2023-03-14,499.6,507.2,514.0,498.0,708191384.2,1396891,2023-03-14 23:59:59
2023-03-15,508.0,501.2,512.0,497.6,550592091.2,1091579,2023-03-15 23:59:59
2023-03-16,502.4,485.2,507.2,477.4,931074804.0,1908890,2023-03-16 23:59:59
2023-03-17,486.0,482.4,490.4,479.2,352824230.2,726875,2023-03-17 23:59:59
2023-03-20,482.0,484.2,485.8,475.0,359952544.6,747962,2023-03-20 23:59:59
2023-03-21,484.8,480.6,488.0,476.0,291293465.2,602531,2023-03-21 23:59:59
2023-03-22,480.0,478.0,481.0,475.2,124754351.8,260841,2023-03-22 23:59:59
2023-03-23,478.0,478.0,480.4,477.2,56696449.2,118367,2023-03-23 23:59:59
2023-03-24,480.0,478.8,480.0,477.4,84029448.0,175567,2023-03-24 23:59:59
2023-03-27,479.4,485.6,486.0,479.0,200185647.2,414088,2023-03-27 23:59:59
2023-03-28,489.0,483.2,491.6,480.2,258147890.0,531936,2023-03-28 23:59:59
2023-03-29,485.0,483.4,485.6,480.2,158483506.4,328549,2023-03-29 23:59:59
2023-03-30,483.4,485.6,487.6,481.2,145419514.4,300522,2023-03-30 23:59:59
2023-03-31,487.0,480.8,487.4,477.0,261025120.8,542396,2023-03-31 23:59:59
2023-04-03,482.0,481.6,485.2,476.4,163557657.0,339958,2023-04-03 23:59:59
2023-04-04,481.8,471.4,482.2,468.0,562129365.0,1186039,2023-04-04 23:59:59
2023-04-05,473.6,467.8,473.6,463.4,356975781.0,766026,2023-04-05 23:59:59
2023-04-06,471.0,464.0,471.0,461.6,361416027.0,777783,2023-04-06 23:59:59
2023-04-07,463.6,461.2,465.4,459.0,384740436.8,833692,2023-04-07 23:59:59
2023-04-10,461.6,478.6,478.8,461.0,702057916.4,1486565,2023-04-10 23:59:59
2023-04-11,480.0,467.0,484.0,463.0,800861833.2,1690649,2023-04-11 23:59:59
2023-04-12,468.0,474.4,480.0,465.2,392661274.0,828416,2023-04-12 23:59:59
2023-04-13,475.0,470.6,477.6,467.6,161288186.2,342225,2023-04-13 23:59:59
2023-04-14,471.0,471.6,471.6,467.2,115974583.2,247233,2023-04-14 23:59:59
2023-04-17,475.0,476.4,477.8,471.0,215474881.6,454761,2023-04-17 23:59:59
2023-04-18,479.6,484.6,485.6,474.0,561540673.0,1165664,2023-04-18 23:59:59
2023-04-19,486.0,471.6,486.6,446.0,611747159.6,1293105,2023-04-19 23:59:59
2023-04-20,474.6,479.6,480.8,466.2,351881031.2,740281,2023-04-20 23:59:59
2023-04-21,480.4,480.6,484.0,477.6,347460254.4,722214,2023-04-21 23:59:59
2023-04-24,480.6,478.8,485.8,475.0,278157150.2,578728,2023-04-24 23:59:59
2023-04-25,480.0,478.6,480.8,476.0,158883014.8,332490,2023-04-25 23:59:59
2023-04-26,478.6,487.6,493.4,477.0,850090492.2,1741118,2023-04-26 23:59:59
2023-04-27,490.0,501.8,501.8,486.0,1207592847.6,2435254,2023-04-27 23:59:59
2023-04-28,503.2,496.6,506.4,490.8,611575135.4,1226707,2023-04-28 23:59:59
2023-05-02,497.0,484.2,504.2,476.0,580981174.6,1189250,2023-05-02 23:59:59
2023-05-03,484.4,462.8,485.6,462.8,507648254.2,1072678,2023-05-03 23:59:59
2023-05-04,464.0,472.2,475.8,464.0,200903580.8,427376,2023-05-04 23:59:59
2023-05-05,473.8,474.6,489.2,470.0,889294945.4,1850896,2023-05-05 23:59:59
2023-05-08,477.4,467.0,481.2,465.2,141277201.6,298762,2023-05-08 23:59:59
2023-05-10,470.6,488.4,489.8,470.6,549150899.0,1136575,2023-05-10 23:59:59
2023-05-11,490.6,479.0,494.6,467.0,670983324.4,1387693,2023-05-11 23:59:59
2023-05-12,482.0,486.2,488.0,475.2,311095725.6,644278,2023-05-12 23:59:59
2023-05-15,492.2,516.6,516.8,490.4,2107594652.2,4168184,2023-05-15 23:59:59
2023-05-16,518.4,512.4,518.6,507.2,741883771.2,1448810,2023-05-16 23:59:59
2023-05-17,512.8,512.0,514.8,505.2,366052758.8,717884,2023-05-17 23:59:59
2023-05-18,513.0,509.6,518.0,507.8,575942012.0,1120180,2023-05-18 23:59:59
2023-05-19,509.6,540.4,544.4,507.2,2346280672.0,4427104,2023-05-19 23:59:59
2023-05-22,548.2,534.8,553.0,522.8,1258852467.4,2349140,2023-05-22 23:59:59
2023-05-23,539.2,532.4,540.4,523.4,487459919.2,918663,2023-05-23 23:59:59
2023-05-24,535.0,543.0,546.6,528.0,666512034.0,1234165,2023-05-24 23:59:59
2023-05-25,544.2,541.6,544.8,526.4,595641714.2,1108394,2023-05-25 23:59:59
2023-05-26,541.6,559.4,561.4,537.2,1399079107.8,2518731,2023-05-26 23:59:59
2023-05-29,563.6,591.6,596.2,561.4,2052947088.6,3527112,2023-05-29 23:59:59
2023-05-30,585.0,573.0,594.6,565.6,1361773782.6,2351528,2023-05-30 23:59:59
2023-05-31,570.0,574.8,582.6,561.8,805632496.4,1408605,2023-05-31 23:59:59
2023-06-01,575.0,572.4,584.4,568.0,665458305.0,1158111,2023-06-01 23:59:59
2023-06-02,576.0,618.6,623.4,573.2,2102436757.4,3492125,2023-06-02 23:59:59
2023-06-05,621.8,612.0,652.0,606.0,3828363990.6,6069086,2023-06-05 23:59:59
2023-06-06,610.0,629.8,637.4,592.2,2166366251.6,3519634,2023-06-06 23:59:59
2023-06-07,634.0,633.6,642.8,626.4,1269057463.4,1998417,2023-06-07 23:59:59
2023-06-08,633.6,641.4,648.4,628.0,1114374724.0,1740190,2023-06-08 23:59:59
2023-06-09,645.0,635.8,647.8,632.2,709299353.2,1112306,2023-06-09 23:59:59
2023-06-13,637.8,634.4,640.0,623.4,856633722.2,1359994,2023-06-13 23:59:59
2023-06-14,638.0,630.0,638.2,627.0,444691124.6,702564,2023-06-14 23:59:59
2023-06-15,629.8,623.8,632.8,620.2,610285192.8,975536,2023-06-15 23:59:59
2023-06-16,624.6,618.8,626.8,611.2,774218661.0,1253089,2023-06-16 23:59:59
2023-06-19,623.0,621.6,630.0,615.6,566948271.0,910919,2023-06-19 23:59:59
2023-06-20,622.0,628.2,631.0,605.2,976486249.6,1569801,2023-06-20 23:59:59
2023-06-21,629.0,641.4,644.0,626.2,1277941953.4,2003800,2023-06-21 23:59:59
2023-06-22,641.4,623.2,647.0,622.2,783174639.2,1235392,2023-06-22 23:59:59
2023-06-23,624.0,613.8,651.0,607.0,3143051361.8,4989800,2023-06-23 23:59:59
2023-06-26,627.8,617.2,633.4,590.0,1802513330.2,2921487,2023-06-26 23:59:59
2023-06-27,620.0,626.6,635.0,617.8,797538898.6,1274114,2023-06-27 23:59:59
2023-06-28,630.2,625.2,634.0,620.8,450876333.4,719699,2023-06-28 23:59:59
2023-06-29,625.6,622.6,627.6,621.2,243796104.6,390703,2023-06-29 23:59:59
2023-06-30,623.0,613.0,624.8,610.0,385840501.6,626905,2023-06-30 23:59:59
2023-07-03,612.8,610.2,617.6,605.4,352965324.0,576331,2023-07-03 23:59:59
2023-07-04,610.2,602.8,615.0,598.6,497160231.6,821309,2023-07-04 23:59:59
2023-07-05,605.2,605.2,611.0,602.6,321791577.2,530916,2023-07-05 23:59:59
2023-07-06,607.0,607.0,613.8,603.2,260296270.0,428206,2023-07-06 23:59:59
2023-07-07,606.0,605.8,609.0,602.4,202920331.8,335160,2023-07-07 23:59:59
2023-07-10,606.0,616.0,620.0,606.0,474467910.0,773001,2023-07-10 23:59:59
2023-07-11,618.0,622.8,623.0,610.6,370828345.8,601929,2023-07-11 23:59:59
2023-07-12,624.2,628.6,632.8,620.4,662143613.0,1056720,2023-07-12 23:59:59
2023-07-13,629.2,640.6,640.8,617.4,1202864731.6,1903078,2023-07-13 23:59:59
2023-07-14,640.8,661.4,664.0,638.0,3069337094.0,4716581,2023-07-14 23:59:59
2023-07-17,656.0,684.6,685.8,650.0,2285713369.6,3389133,2023-07-17 23:59:59
2023-07-18,684.6,676.8,688.0,671.8,1142571858.8,1684450,2023-07-18 23:59:59
2023-07-19,674.8,669.2,678.6,665.2,655258219.0,978449,2023-07-19 23:59:59
2023-07-20,669.0,658.6,680.0,655.2,1316210141.0,1977259,2023-07-20 23:59:59
2023-07-21,660.0,671.4,671.8,657.6,660983762.6,993695,2023-07-21 23:59:59
2023-07-24,671.6,681.6,687.0,668.0,999026172.2,1468865,2023-07-24 23:59:59
2023-07-25,684.6,679.8,684.8,674.0,538845174.6,793455,2023-07-25 23:59:59
2023-07-26,680.0,676.2,680.0,670.8,451296926.2,667905,2023-07-26 23:59:59
2023-07-27,678.8,697.4,701.0,676.4,1861478740.6,2687584,2023-07-27 23:59:59
2023-07-28,699.0,721.4,723.0,697.0,1675811204.6,2351926,2023-07-28 23:59:59
2023-07-31,724.8,716.6,734.0,710.6,1794734347.8,2480311,2023-07-31 23:59:59
2023-08-01,719.0,729.6,738.0,711.2,1502348435.0,2066257,2023-08-01 23:59:59
2023-08-02,729.8,723.0,737.6,712.0,861785694.8,1187330,2023-08-02 23:59:59
2023-08-03,724.8,747.8,752.0,717.2,1423310341.4,1936295,2023-08-03 23:59:59
2023-08-04,753.0,729.8,767.8,680.6,3189749772.0,4332946,2023-08-04 23:59:59
2023-08-07,733.2,721.8,753.0,706.2,1689727373.4,2290857,2023-08-07 23:59:59
2023-08-08,721.8,731.0,734.0,697.0,1536394402.4,2149998,2023-08-08 23:59:59
2023-08-09,735.0,782.0,783.0,725.8,2255428342.8,2993982,2023-08-09 23:59:59
2023-08-10,795.0,761.6,799.8,750.6,4327672132.2,5634868,2023-08-10 23:59:59
2023-08-11,759.2,772.2,783.0,756.0,3788074800.6,4901747,2023-08-11 23:59:59
2023-08-14,778.6,734.4,779.0,732.0,2092074423.6,2759667,2023-08-14 23:59:59
2023-08-15,730.2,737.8,760.0,720.0,1395266710.6,1871137,2023-08-15 23:59:59
2023-08-16,736.0,709.8,746.6,701.2,2063086900.8,2888115,2023-08-16 23:59:59
2023-08-17,718.0,719.8,721.8,706.8,1037980876.0,1454201,2023-08-17 23:59:59
2023-08-18,721.0,724.4,728.6,710.4,717459282.8,996375,2023-08-18 23:59:59
2023-08-21,730.0,754.6,756.6,728.0,1393789890.6,1875359,2023-08-21 23:59:59
2023-08-22,755.4,743.0,757.2,737.8,919692567.2,1234545,2023-08-22 23:59:59
2023-08-23,746.6,712.4,746.8,706.8,2295662569.0,3160843,2023-08-23 23:59:59
2023-08-24,721.0,730.2,734.4,715.8,737653197.4,1014884,2023-08-24 23:59:59
2023-08-25,731.6,725.0,736.8,720.2,562287091.0,773385,2023-08-25 23:59:59
2023-08-28,725.4,735.0,735.0,724.0,503090775.0,688676,2023-08-28 23:59:59
2023-08-29,735.6,729.0,739.8,724.2,620320817.0,848269,2023-08-29 23:59:59
2023-08-30,729.0,730.0,733.8,721.0,464080930.0,636917,2023-08-30 23:59:59
2023-08-31,730.0,746.6,751.0,726.4,1245944227.8,1683694,2023-08-31 23:59:59
2023-09-01,746.8,740.4,753.6,737.2,521628333.4,701760,2023-09-01 23:59:59
2023-09-04,748.0,769.6,772.4,745.6,1894189328.2,2486250,2023-09-04 23:59:59
2023-09-05,767.6,761.4,771.8,752.4,1209869050.8,1586982,2023-09-05 23:59:59
2023-09-06,761.2,748.2,761.6,742.0,838861985.4,1119323,2023-09-06 23:59:59
2023-09-07,748.2,730.2,752.6,715.2,1555893807.4,2123380,2023-09-07 23:59:59
2023-09-08,733.0,717.6,739.8,710.0,799801903.4,1108017,2023-09-08 23:59:59
2023-09-11,719.0,663.0,732.8,657.6,3377567845.0,4907984,2023-09-11 23:59:59
2023-09-12,663.0,682.8,700.2,659.2,2371107570.4,3476208,2023-09-12 23:59:59
2023-09-13,680.0,645.0,681.2,636.8,2100963727.2,3205772,2023-09-13 23:59:59
2023-09-14,642.6,640.8,649.6,627.2,1053089502.4,1652324,2023-09-14 23:59:59
2023-09-15,632.0,645.2,656.6,631.8,496768845.6,770620,2023-09-15 23:59:59
2023-09-18,647.0,666.0,669.0,646.0,677872551.4,1026990,2023-09-18 23:59:59
2023-10-20,600.0,619.6,642.6,550.0,13084432298.8,21137038,2023-10-20 23:59:59
2023-10-23,620.0,619.6,642.8,611.0,6361819547.4,10174878,2023-10-23 23:59:59
2023-10-24,620.4,611.0,622.4,606.4,1934239405.0,3159209,2023-10-24 23:59:59
2023-10-25,611.0,595.2,611.8,592.2,2421240643.2,4010125,2023-10-25 23:59:59
2023-10-26,596.0,590.2,608.0,586.0,1773785206.0,2959576,2023-10-26 23:59:59
2023-10-27,590.2,578.0,593.4,575.4,1595986431.4,2732101,2023-10-27 23:59:59
2023-10-30,579.0,589.8,601.2,574.6,2056813521.0,3476965,2023-10-30 23:59:59
2023-10-31,590.0,577.8,592.8,576.0,1312840413.8,2260880,2023-10-31 23:59:59
2023-11-01,581.8,586.0,587.0,578.0,674718645.4,1157036,2023-11-01 23:59:59
2023-11-02,589.0,587.4,599.0,579.0,1567265587.2,2641786,2023-11-02 23:59:59
2023-11-03,591.0,615.6,621.6,588.0,3914279570.8,6437136,2023-11-03 23:59:59
2023-11-06,619.2,632.4,635.0,619.0,2564781375.6,4074840,2023-11-06 23:59:59
2023-11-07,634.0,630.0,636.0,620.8,1885473222.2,2996120,2023-11-07 23:59:59
2023-11-08,633.4,617.6,633.4,609.2,2197862861.4,3526625,2023-11-08 23:59:59
2023-11-09,620.0,604.4,626.2,601.4,2611162679.8,4253634,2023-11-09 23:59:59
2023-11-10,607.0,593.0,607.8,584.0,2297001532.4,3860046,2023-11-10 23:59:59
2023-11-13,598.0,608.0,609.8,593.0,2009586982.2,3325496,2023-11-13 23:59:59
2023-11-14,608.8,598.2,611.8,595.4,1439702934.4,2390414,2023-11-14 23:59:59
2023-11-15,598.0,607.0,608.0,595.0,1403026873.4,2327971,2023-11-15 23:59:59
2023-11-16,607.0,604.0,622.2,603.6,2514410297.8,4097122,2023-11-16 23:59:59
2023-11-17,605.6,614.8,620.8,601.0,1773996530.8,2888444,2023-11-17 23:59:59
2023-11-20,615.2,628.8,633.0,615.2,1987220967.4,3164678,2023-11-20 23:59:59
2023-11-21,630.0,636.4,640.8,625.2,1920007901.0,3019683,2023-11-21 23:59:59
2023-11-22,639.0,639.2,651.8,635.2,2061412162.2,3201933,2023-11-22 23:59:59
2023-11-23,639.4,627.8,642.0,622.4,1112128141.8,1762319,2023-11-23 23:59:59
2023-11-24,629.4,626.2,632.8,617.4,864143705.6,1382470,2023-11-24 23:59:59
2023-11-27,625.0,613.6,625.0,611.2,1171272747.4,1895333,2023-11-27 23:59:59
2023-11-28,614.4,631.0,632.0,612.8,993595663.6,1592195,2023-11-28 23:59:59
2023-11-29,633.0,625.8,644.0,620.0,1136545111.8,1790185,2023-11-29 23:59:59
2023-11-30,625.0,613.4,627.0,612.0,831930023.8,1348789,2023-11-30 23:59:59
2023-12-01,613.8,602.4,619.6,600.6,804650369.4,1320563,2023-12-01 23:59:59
2023-12-04,602.0,595.4,611.2,587.2,901696309.8,1506043,2023-12-04 23:59:59
2023-12-05,599.4,601.4,606.2,593.0,574360321.2,958186,2023-12-05 23:59:59
2023-12-06,603.0,582.4,605.0,580.6,668939716.0,1132653,2023-12-06 23:59:59
2023-12-07,582.4,580.0,587.8,563.2,1222178600.4,2123575,2023-12-07 23:59:59
2023-12-08,581.0,573.6,588.0,572.0,488505698.4,839858,2023-12-08 23:59:59
2023-12-11,574.6,539.8,575.0,536.8,1521906944.2,2740139,2023-12-11 23:59:59
2023-12-12,541.0,534.4,546.8,520.2,1476594866.8,2769871,2023-12-12 23:59:59
2023-12-13,534.4,554.8,563.0,532.8,1130928965.6,2045667,2023-12-13 23:59:59
2023-12-14,560.0,545.0,564.0,545.0,530149990.4,957073,2023-12-14 23:59:59
2023-12-15,545.0,566.8,573.4,543.0,783785921.4,1398530,2023-12-15 23:59:59
2023-12-18,572.0,583.0,586.0,557.0,972127921.2,1683681,2023-12-18 23:59:59
2023-12-19,583.0,578.0,588.0,570.8,569133810.8,983576,2023-12-19 23:59:59
2023-12-20,578.4,576.2,583.6,575.2,370992392.6,641435,2023-12-20 23:59:59
2023-12-21,575.8,563.6,577.8,562.0,648224960.2,1142243,2023-12-21 23:59:59
2023-12-22,564.0,565.4,578.0,563.6,538854424.2,945044,2023-12-22 23:59:59
2023-12-25,567.8,563.0,572.4,558.2,663528828.0,1170939,2023-12-25 23:59:59
2023-12-26,564.0,553.2,565.2,551.0,845283802.8,1521339,2023-12-26 23:59:59
2023-12-27,555.0,553.4,562.8,551.6,782831747.8,1408307,2023-12-27 23:59:59
2023-12-28,553.4,564.0,567.0,553.2,855654772.8,1526402,2023-12-28 23:59:59
2023-12-29,566.4,556.4,572.2,554.2,671525297.6,1191036,2023-12-29 23:59:59
2024-01-03,562.0,568.8,569.2,558.2,316989206.8,560491,2024-01-03 23:59:59
2024-01-04,569.4,584.0,587.0,567.2,771140360.0,1330338,2024-01-04 23:59:59
2024-01-05,586.0,579.4,590.0,576.4,411342068.4,707098,2024-01-05 23:59:59
2024-01-08,584.0,590.6,593.8,580.6,792802456.8,1345430,2024-01-08 23:59:59
2024-01-09,593.0,626.8,631.6,591.4,3319273039.2,5374574,2024-01-09 23:59:59
2024-01-10,628.4,622.4,634.6,620.0,1822416007.2,2901920,2024-01-10 23:59:59
2024-01-11,623.8,627.0,630.0,622.4,941930518.4,1500600,2024-01-11 23:59:59
2024-01-12,630.0,640.0,651.0,628.4,4709145657.6,7334534,2024-01-12 23:59:59
2024-01-15,644.8,642.8,657.4,638.2,2148370295.6,3316949,2024-01-15 23:59:59
2024-01-16,644.0,635.0,645.0,631.2,1258211741.2,1975081,2024-01-16 23:59:59
2024-01-17,635.0,637.4,638.4,632.0,562349412.2,884399,2024-01-17 23:59:59
2024-01-18,639.4,628.4,639.8,625.0,924993768.2,1460482,2024-01-18 23:59:59
2024-01-19,630.0,635.4,638.6,622.4,1140733173.4,1800499,2024-01-19 23:59:59
2024-01-22,639.0,662.4,665.8,625.0,3961211978.4,6053262,2024-01-22 23:59:59
2024-01-23,664.0,655.8,672.6,649.6,2877502807.2,4349921,2024-01-23 23:59:59
2024-01-24,658.6,654.0,662.6,647.6,830469199.4,1265894,2024-01-24 23:59:59
2024-01-25,657.8,667.2,669.4,654.0,1180036993.0,1784424,2024-01-25 23:59:59
2024-01-26,670.0,675.8,684.8,662.2,3780947394.4,5592321,2024-01-26 23:59:59
2024-01-29,679.6,677.2,687.0,672.2,1668069841.2,2457640,2024-01-29 23:59:59
2024-01-30,679.2,676.8,679.8,668.2,882275833.0,1306308,2024-01-30 23:59:59
2024-01-31,680.0,695.4,700.0,674.0,2297300122.8,3319236,2024-01-31 23:59:59
2024-02-01,698.4,685.8,707.0,685.0,2019945837.4,2906551,2024-02-01 23:59:59
2024-02-02,686.0,677.2,687.0,671.2,1561627199.0,2304794,2024-02-02 23:59:59
2024-02-05,678.2,673.8,689.6,671.8,1059021348.2,1558387,2024-02-05 23:59:59
2024-02-06,674.2,681.0,684.0,673.0,1112787558.4,1639155,2024-02-06 23:59:59
2024-02-07,682.8,666.8,687.0,662.4,2098740207.6,3118969,2024-02-07 23:59:59
2024-02-08,667.0,661.2,678.0,652.4,2818840236.0,4238465,2024-02-08 23:59:59
2024-02-09,661.2,658.8,664.0,653.2,934236187.2,1416937,2024-02-09 23:59:59
2024-02-12,667.6,671.8,671.8,662.4,1233497120.4,1848929,2024-02-12 23:59:59
2024-02-13,672.6,690.2,696.0,668.4,1909531396.8,2798605,2024-02-13 23:59:59
2024-02-14,693.8,682.0,698.8,678.0,1634292405.2,2375141,2024-02-14 23:59:59
2024-02-15,681.0,674.2,716.0,666.2,6488542674.4,9411075,2024-02-15 23:59:59
2024-02-16,677.8,660.0,678.2,657.0,4734918108.6,7129211,2024-02-16 23:59:59
2024-02-19,660.0,660.4,669.4,653.2,1338839399.2,2022727,2024-02-19 23:59:59
2024-02-20,660.4,644.6,667.0,636.6,1831749485.4,2801489,2024-02-20 23:59:59
2024-02-21,644.0,639.0,653.6,626.2,2107437887.4,3291288,2024-02-21 23:59:59
2024-02-22,642.0,640.4,649.4,635.4,866795685.2,1349475,2024-02-22 23:59:59
2024-02-26,653.0,659.4,660.8,649.2,1231740147.6,1878326,2024-02-26 23:59:59
2024-02-27,660.0,649.0,663.2,646.6,881517420.2,1350290,2024-02-27 23:59:59
2024-02-28,651.2,641.4,654.6,638.4,1342850261.6,2079391,2024-02-28 23:59:59
2024-02-29,642.0,652.6,654.2,638.8,1362476816.0,2103515,2024-02-29 23:59:59
2024-03-01,665.0,657.4,667.0,656.0,1988443333.8,3011931,2024-03-01 23:59:59
2024-03-04,662.0,660.0,665.0,655.6,1293212265.4,1960627,2024-03-04 23:59:59
2024-03-05,662.0,658.4,664.4,654.0,1075748042.2,1629760,2024-03-05 23:59:59
2024-03-06,658.6,652.8,660.0,649.2,883896287.4,1347521,2024-03-06 23:59:59
2024-03-07,655.6,655.0,660.0,651.2,1319971881.0,2014380,2024-03-07 23:59:59
2024-03-11,658.6,654.4,659.4,652.6,741150081.2,1130126,2024-03-11 23:59:59
2024-03-12,654.0,647.8,654.8,645.4,807231964.4,1242496,2024-03-12 23:59:59
2024-03-13,649.0,643.0,653.4,641.2,902746012.0,1392273,2024-03-13 23:59:59
2024-03-14,642.0,633.4,645.2,632.4,1070931206.4,1680970,2024-03-14 23:59:59
2024-03-15,632.4,629.8,638.8,627.2,864932207.0,1365213,2024-03-15 23:59:59
2024-03-18,633.0,644.0,652.0,630.4,1978192314.8,3074963,2024-03-18 23:59:59
2024-03-19,645.2,632.2,648.0,625.0,2146829283.4,3382758,2024-03-19 23:59:59
2024-03-20,632.2,627.4,636.0,622.0,1279961383.4,2030932,2024-03-20 23:59:59
2024-03-21,627.4,630.6,641.0,624.0,2286764649.0,3620249,2024-03-21 23:59:59
2024-03-22,630.6,605.0,631.8,594.2,4596301897.6,7531245,2024-03-22 23:59:59
2024-03-25,609.6,607.6,616.2,594.2,2173009806.4,3591787,2024-03-25 23:59:59
2024-03-26,610.0,618.0,619.0,607.4,1104223343.8,1796123,2024-03-26 23:59:59
2024-03-27,618.6,614.4,623.4,610.6,967570533.0,1567236,2024-03-27 23:59:59
2024-03-28,615.0,608.6,618.0,606.8,704352854.0,1148843,2024-03-28 23:59:59
2024-03-29,608.6,609.8,613.6,607.2,504883152.6,826749,2024-03-29 23:59:59
2024-04-01,612.2,618.0,623.8,612.2,1453609164.0,2355983,2024-04-01 23:59:59
2024-04-02,619.8,614.8,621.4,610.0,838719286.0,1362179,2024-04-02 23:59:59
2024-04-03,617.2,635.2,637.4,615.4,3180073861.8,5059299,2024-04-03 23:59:59
2024-04-04,637.2,619.4,637.8,616.8,1894673830.6,3014786,2024-04-04 23:59:59
2024-04-05,621.4,608.6,622.4,606.2,1911087170.6,3123496,2024-04-05 23:59:59
2024-04-08,608.8,607.6,614.6,603.2,1201048988.6,1969811,2024-04-08 23:59:59
2024-04-09,607.8,604.2,616.8,601.2,1673284919.0,2744098,2024-04-09 23:59:59
2024-04-10,604.2,604.6,609.8,598.6,1075697830.6,1783648,2024-04-10 23:59:59
2024-04-11,604.6,599.2,607.6,598.0,729610610.4,1212744,2024-04-11 23:59:59
2024-04-12,598.0,608.0,618.2,597.0,1549930087.4,2550547,2024-04-12 23:59:59
2024-04-15,607.8,609.0,615.0,603.0,1120677172.6,1840513,2024-04-15 23:59:59
2024-04-16,609.0,608.4,615.0,605.0,564252670.4,927737,2024-04-16 23:59:59
2024-04-17,610.0,606.0,610.4,602.2,532934293.4,880558,2024-04-17 23:59:59
2024-04-18,606.4,603.0,606.6,600.0,386327346.0,641243,2024-04-18 23:59:59
2024-04-19,603.0,601.0,606.0,598.4,463462376.4,770415,2024-04-19 23:59:59
2024-04-22,601.0,607.8,609.6,601.0,864739460.0,1426935,2024-04-22 23:59:59
2024-04-23,607.0,599.8,611.4,598.8,580919652.0,961333,2024-04-23 23:59:59
2024-04-24,599.8,594.8,601.6,590.4,908729096.6,1527795,2024-04-24 23:59:59
2024-04-25,594.2,602.4,605.0,591.0,773345520.6,1293219,2024-04-25 23:59:59
2024-04-26,603.8,595.2,604.4,594.0,471209268.6,788688,2024-04-26 23:59:59
2024-04-27,595.4,587.2,597.0,578.2,1199467726.2,2047798,2024-04-27 23:59:59
2024-04-29,587.2,584.8,590.0,578.4,489779798.8,840585,2024-04-29 23:59:59
2024-04-30,585.6,577.8,585.6,577.0,314734239.4,542404,2024-04-30 23:59:59
2024-05-02,577.8,578.0,581.6,573.2,606526705.8,1049443,2024-05-02 23:59:59
2024-05-03,579.0,585.8,591.6,577.4,719955358.8,1227505,2024-05-03 23:59:59
2024-05-06,587.0,571.6,587.2,571.2,677623307.8,1175157,2024-05-06 23:59:59
2024-05-07,570.4,578.2,583.2,570.4,386945551.6,671168,2024-05-07 23:59:59
2024-05-08,578.2,576.8,588.0,576.2,330605389.6,567737,2024-05-08 23:59:59
2024-05-10,577.8,574.8,579.4,571.2,278584228.6,484587,2024-05-10 23:59:59
2024-05-13,575.8,577.6,584.2,575.8,434894013.0,750345,2024-05-13 23:59:59
2024-05-14,579.8,603.6,607.6,578.0,3257920887.2,5450383,2024-05-14 23:59:59
2024-05-15,604.6,616.4,621.0,599.8,2779896908.6,4529165,2024-05-15 23:59:59
2024-05-16,618.4,613.0,621.0,605.8,819871193.0,1340241,2024-05-16 23:59:59
2024-05-17,613.2,634.0,635.0,597.2,3973874650.2,6372073,2024-05-17 23:59:59
2024-05-20,637.0,625.0,641.6,610.0,2294502375.0,3665975,2024-05-20 23:59:59
2024-05-21,625.0,611.4,625.0,606.0,1072134776.6,1749076,2024-05-21 23:59:59
2024-05-22,610.0,603.4,611.4,602.0,721775599.6,1191497,2024-05-22 23:59:59
2024-05-23,605.0,613.6,617.4,600.4,1593922193.6,2608987,2024-05-23 23:59:59
2024-05-24,614.8,581.2,618.8,580.6,2521110653.0,4260262,2024-05-24 23:59:59
2024-05-27,582.6,563.8,595.6,558.6,1793859189.2,3103999,2024-05-27 23:59:59
2024-05-28,565.2,570.0,582.4,557.6,1239339645.6,2161551,2024-05-28 23:59:59
2024-05-29,570.8,572.0,578.8,567.0,638938661.0,1118351,2024-05-29 23:59:59
2024-05-30,572.0,559.2,576.0,559.0,718188618.8,1259608,2024-05-30 23:59:59
2024-05-31,560.2,555.4,572.0,550.6,1952823827.4,3468162,2024-05-31 23:59:59
2024-06-03,555.2,562.6,566.0,533.0,1873106829.6,3415000,2024-06-03 23:59:59
2024-06-04,565.0,562.4,572.0,550.0,944481594.0,1684524,2024-06-04 23:59:59
2024-06-05,564.2,556.8,574.0,555.8,736389714.8,1301012,2024-06-05 23:59:59
2024-06-06,559.8,556.8,560.8,552.2,420277013.2,754392,2024-06-06 23:59:59
2024-06-07,558.8,563.2,578.0,556.2,893146540.2,1576384,2024-06-07 23:59:59
2024-06-10,564.8,559.8,574.2,553.4,542282216.4,960235,2024-06-10 23:59:59
2024-06-11,559.8,554.0,562.0,545.2,649050912.8,1173663,2024-06-11 23:59:59
2024-06-13,531.0,549.4,552.0,515.0,759718532.8,1400891,2024-06-13 23:59:59
2024-06-14,551.0,554.8,561.4,544.4,717609211.8,1298174,2024-06-14 23:59:59
2024-06-17,559.4,546.0,562.4,543.8,424430557.8,767154,2024-06-17 23:59:59
2024-06-18,546.0,528.4,549.0,524.8,866551029.8,1616135,2024-06-18 23:59:59
2024-06-19,527.4,502.0,530.2,492.4,1957450546.8,3860594,2024-06-19 23:59:59
2024-06-20,503.8,522.8,524.4,495.4,1521763224.4,2971295,2024-06-20 23:59:59
2024-06-21,524.0,510.8,529.8,508.0,681412521.2,1323201,2024-06-21 23:59:59
2024-06-24,508.8,500.6,519.0,500.0,662053020.6,1304556,2024-06-24 23:59:59
2024-06-25,502.6,512.8,514.8,501.6,536779738.4,1058471,2024-06-25 23:59:59
2024-06-26,511.2,517.2,523.4,509.4,723686877.8,1400086,2024-06-26 23:59:59
2024-06-27,518.0,510.8,519.0,508.0,519853304.4,1013835,2024-06-27 23:59:59
2024-06-28,511.0,502.6,515.0,500.4,579303940.6,1143889,2024-06-28 23:59:59
2024-07-01,502.8,512.8,514.0,501.4,694080205.8,1365096,2024-07-01 23:59:59
2024-07-02,512.8,523.4,528.6,510.6,1009068217.0,1933855,2024-07-02 23:59:59
2024-07-03,525.4,508.6,525.6,508.4,591695365.0,1145701,2024-07-03 23:59:59
2024-07-04,508.0,498.2,513.0,496.0,847959822.8,1682933,2024-07-04 23:59:59
2024-07-05,496.0,488.6,498.0,480.0,1483455232.4,3030743,2024-07-05 23:59:59
2024-07-08,488.6,481.4,494.4,480.0,662617925.2,1363000,2024-07-08 23:59:59
2024-07-09,479.8,457.2,481.8,457.0,1076558927.2,2279918,2024-07-09 23:59:59
2024-07-10,457.2,433.0,468.6,430.4,1881676296.0,4185542,2024-07-10 23:59:59
2024-07-11,434.2,457.8,458.2,434.0,1120656501.6,2498583,2024-07-11 23:59:59
2024-07-12,463.2,454.4,468.0,447.6,981259805.8,2148639,2024-07-12 23:59:59
2024-07-15,458.2,442.4,458.8,435.8,795011365.0,1785382,2024-07-15 23:59:59
2024-07-16,440.4,452.0,452.6,433.4,904590451.0,2041431,2024-07-16 23:59:59
2024-07-17,452.4,442.0,455.0,439.4,706396539.4,1578801,2024-07-17 23:59:59
2024-07-18,440.6,454.6,456.6,437.8,586310596.4,1310705,2024-07-18 23:59:59
2024-07-19,455.0,463.0,468.0,448.2,756360715.8,1645190,2024-07-19 23:59:59
2024-07-22,468.8,465.2,473.0,459.2,513291482.8,1102499,2024-07-22 23:59:59
2024-07-23,463.6,467.4,469.0,461.0,385199634.6,827689,2024-07-23 23:59:59
2024-07-24,467.2,467.0,475.8,464.2,644478236.2,1371844,2024-07-24 23:59:59
2024-07-25,466.0,472.4,475.4,461.2,541154565.8,1154280,2024-07-25 23:59:59
2024-07-26,475.0,460.8,486.0,456.8,1823326482.2,3858255,2024-07-26 23:59:59
2024-07-29,453.8,446.0,454.2,440.0,795024168.4,1776157,2024-07-29 23:59:59
2024-07-30,446.0,456.8,459.6,442.2,651247102.2,1444153,2024-07-30 23:59:59
2024-07-31,457.0,457.8,463.2,453.0,556626446.6,1216677,2024-07-31 23:59:59
2024-08-01,458.2,449.4,469.0,448.4,1025565714.6,2222056,2024-08-01 23:59:59
2024-08-02,451.0,448.4,456.8,444.4,748357640.0,1662715,2024-08-02 23:59:59
2024-08-05,440.4,438.2,444.0,435.0,691975258.4,1572677,2024-08-05 23:59:59
2024-08-06,444.0,455.8,457.4,441.0,797368912.4,1781740,2024-08-06 23:59:59
2024-08-07,456.2,452.8,460.8,442.0,1335686184.4,2964435,2024-08-07 23:59:59
2024-08-08,453.0,438.0,455.6,437.4,1275727424.2,2856136,2024-08-08 23:59:59
2024-08-09,438.0,435.4,439.8,430.6,1517249856.6,3495416,2024-08-09 23:59:59
2024-08-12,432.0,427.4,432.8,420.6,1550286569.4,3641453,2024-08-12 23:59:59
2024-08-13,427.0,424.2,429.2,422.2,853441859.4,2008373,2024-08-13 23:59:59
2024-08-14,424.0,415.0,427.8,413.6,764853274.6,1814309,2024-08-14 23:59:59
2024-08-15,414.0,409.8,418.0,407.6,836152421.4,2032583,2024-08-15 23:59:59
2024-08-16,411.0,405.0,413.6,404.4,566689350.0,1384925,2024-08-16 23:59:59
2024-08-19,405.0,402.8,407.6,400.0,956426837.0,2376942,2024-08-19 23:59:59
2024-08-20,403.0,395.4,407.8,390.6,805021946.6,2011578,2024-08-20 23:59:59
2024-08-21,395.4,381.2,397.6,377.2,1466304333.8,3810843,2024-08-21 23:59:59
2024-08-22,381.6,366.0,387.6,362.4,1399267194.4,3715468,2024-08-22 23:59:59
2024-08-23,366.0,374.4,379.0,356.2,1658410048.4,4558325,2024-08-23 23:59:59
2024-08-26,381.8,378.6,387.4,371.6,1019567809.0,2701014,2024-08-26 23:59:59
2024-08-27,379.0,363.4,380.0,362.0,687491510.0,1849428,2024-08-27 23:59:59
2024-08-28,363.4,358.0,370.6,350.8,1396458848.8,3883924,2024-08-28 23:59:59
2024-08-29,358.0,361.4,366.6,352.8,938847420.4,2617352,2024-08-29 23:59:59
2024-08-30,364.0,346.4,365.4,342.0,1014788579.0,2879084,2024-08-30 23:59:59
2024-09-02,340.6,323.8,346.0,318.0,1296621724.8,3936910,2024-09-02 23:59:59
2024-09-03,323.0,328.0,334.8,318.4,1138788129.8,3488146,2024-09-03 23:59:59
2024-09-04,327.2,348.0,351.0,323.2,959427706.2,2840114,2024-09-04 23:59:59
2024-09-05,350.0,338.8,354.4,336.8,972468692.8,2802459,2024-09-05 23:59:59
2024-09-06,339.2,349.0,349.8,336.8,741970912.2,2162294,2024-09-06 23:59:59
2024-09-09,352.8,369.4,371.8,351.2,1112156374.0,3085234,2024-09-09 23:59:59
2024-09-10,368.8,359.0,369.6,355.2,808299942.0,2230809,2024-09-10 23:59:59
2024-09-11,356.8,339.0,359.2,337.4,1009723833.2,2892719,2024-09-11 23:59:59
2024-09-12,336.8,340.6,341.0,331.8,870591966.2,2594938,2024-09-12 23:59:59
2024-09-13,342.0,351.8,353.4,323.2,1714941164.0,5086601,2024-09-13 23:59:59
2024-09-16,352.4,356.0,362.0,349.2,1012046046.4,2849517,2024-09-16 23:59:59
2024-09-17,356.8,357.6,359.2,350.4,641041449.2,1804134,2024-09-17 23:59:59
2024-09-18,357.8,357.4,368.8,353.6,1497276423.6,4133135,2024-09-18 23:59:59
2024-09-19,358.0,357.8,363.2,353.2,713018423.2,1991710,2024-09-19 23:59:59
2024-09-20,358.4,369.6,371.0,358.4,762636453.0,2093064,2024-09-20 23:59:59
2024-09-23,372.6,374.4,376.4,367.6,1390914351.0,3736106,2024-09-23 23:59:59
2024-09-24,374.4,379.0,381.8,366.0,1205714020.2,3209642,2024-09-24 23:59:59
2024-09-25,381.0,368.8,381.0,367.8,863854116.4,2309612,2024-09-25 23:59:59
2024-09-26,366.2,363.0,368.2,360.2,992583799.8,2730840,2024-09-26 23:59:59
2024-09-27,363.0,361.6,364.8,353.6,1334957659.0,3732591,2024-09-27 23:59:59
2024-09-30,362.2,349.8,370.6,349.0,1190693366.0,3308688,2024-09-30 23:59:59
2024-10-01,349.0,350.8,353.4,346.8,1241382873.6,3547628,2024-10-01 23:59:59
2024-10-02,351.0,339.0,354.8,336.2,996398697.4,2888491,2024-10-02 23:59:59
2024-10-03,339.0,340.0,342.0,329.0,1260133244.4,3754304,2024-10-03 23:59:59
2024-10-04,340.2,336.6,341.6,333.6,483313324.6,1433484,2024-10-04 23:59:59
2024-10-07,337.0,336.4,341.0,327.6,1094538513.4,3281044,2024-10-07 23:59:59
2024-10-08,336.8,335.2,337.4,331.4,457341596.2,1366227,2024-10-08 23:59:59
2024-10-09,335.0,339.6,343.8,333.4,1037617862.2,3061183,2024-10-09 23:59:59
2024-10-10,340.8,339.4,346.4,337.6,610140451.6,1784230,2024-10-10 23:59:59
2024-10-11,339.4,339.4,342.6,334.6,395308112.6,1168850,2024-10-11 23:59:59
2024-10-14,339.2,345.8,350.0,334.8,769037958.8,2238155,2024-10-14 23:59:59
2024-10-15,346.0,354.2,357.0,344.2,607419252.0,1727032,2024-10-15 23:59:59
2024-10-16,356.2,349.2,360.2,345.8,748747246.6,2117030,2024-10-16 23:59:59
2024-10-17,348.6,340.0,349.0,340.0,459940768.4,1335842,2024-10-17 23:59:59
2024-10-18,339.2,343.4,344.8,338.8,262768607.0,769191,2024-10-18 23:59:59
2024-10-21,344.2,342.2,349.0,341.8,234572858.8,679343,2024-10-21 23:59:59
2024-10-22,341.8,337.6,342.8,336.4,222737657.0,656896,2024-10-22 23:59:59
2024-10-23,337.6,328.2,338.8,324.2,549733819.0,1654553,2024-10-23 23:59:59
2024-10-24,326.4,329.8,332.6,323.2,401870447.6,1226994,2024-10-24 23:59:59
2024-10-25,329.8,307.6,335.0,306.0,1621987185.6,5144071,2024-10-25 23:59:59
2024-10-28,301.0,302.0,307.2,295.2,1268414955.6,4219645,2024-10-28 23:59:59
2024-10-29,304.0,307.0,309.0,293.4,811257420.4,2698755,2024-10-29 23:59:59
2024-10-30,307.4,296.6,310.4,295.8,489384315.4,1611034,2024-10-30 23:59:59
2024-10-31,296.0,288.0,299.8,284.6,748301596.2,2568233,2024-10-31 23:59:59
2024-11-01,288.0,292.0,294.6,282.6,590380373.4,2050883,2024-11-01 23:59:59
2024-11-02,293.8,288.8,293.8,286.6,233512893.6,807600,2024-11-02 23:59:59
2024-11-05,290.0,293.4,296.0,288.8,373700938.8,1278183,2024-11-05 23:59:59
2024-11-06,299.4,295.2,304.8,294.2,677601406.4,2262915,2024-11-06 23:59:59
2024-11-07,296.8,304.8,305.6,289.4,586021166.6,1978459,2024-11-07 23:59:59
2024-11-08,306.0,320.6,323.0,301.8,1150776406.8,3683392,2024-11-08 23:59:59
2024-11-11,325.0,322.8,325.8,318.0,991851599.2,3079546,2024-11-11 23:59:59
2024-11-12,321.4,312.4,322.2,312.0,523540001.6,1655509,2024-11-12 23:59:59
2024-11-13,312.2,312.2,322.2,310.4,611185259.2,1929299,2024-11-13 23:59:59
2024-11-14,312.0,310.2,315.4,305.4,488032931.4,1571219,2024-11-14 23:59:59
2024-11-15,309.4,316.4,317.0,305.8,453019755.4,1456470,2024-11-15 23:59:59
2024-11-18,307.8,305.6,314.8,304.6,639369470.6,2062920,2024-11-18 23:59:59
2024-11-19,305.0,296.8,307.0,291.0,710647105.8,2385875,2024-11-19 23:59:59
2024-11-20,297.2,284.8,297.6,281.2,1013723758.8,3504905,2024-11-20 23:59:59
2024-11-21,285.4,280.4,287.6,268.4,1374721188.2,4943225,2024-11-21 23:59:59
2024-11-22,281.0,272.0,281.6,270.8,488487492.2,1775400,2024-11-22 23:59:59
2024-11-25,271.4,263.0,271.8,259.4,708270030.4,2671277,2024-11-25 23:59:59
2024-11-26,263.0,243.6,268.0,240.2,1346122488.0,5362907,2024-11-26 23:59:59
2024-11-27,244.0,261.6,265.0,221.0,3818194104.4,15491693,2024-11-27 23:59:59
2024-11-28,262.4,269.0,274.0,251.0,1780384159.8,6800481,2024-11-28 23:59:59
2024-11-29,268.4,275.2,278.4,264.2,899092739.6,3296498,2024-11-29 23:59:59
2024-12-02,277.0,277.0,281.0,273.4,832839585.4,3002932,2024-12-02 23:59:59
2024-12-03,277.2,258.2,282.6,254.6,1447715125.2,5472091,2024-12-03 23:59:59
2024-12-04,256.6,248.2,264.0,244.0,1916767626.2,7551767,2024-12-04 23:59:59
2024-12-05,247.0,261.8,266.0,243.2,2222924135.8,8740026,2024-12-05 23:59:59
2024-12-06,262.0,259.8,267.2,257.2,1295967495.6,4963005,2024-12-06 23:59:59
2024-12-09,262.4,265.8,269.6,256.2,1675873519.8,6319906,2024-12-09 23:59:59
2024-12-10,264.0,251.6,265.6,251.0,1212217222.4,4710267,2024-12-10 23:59:59
2024-12-11,250.0,256.2,257.0,247.0,1166402419.4,4632667,2024-12-11 23:59:59
2024-12-12,255.2,248.2,256.8,246.6,1299480933.4,5194126,2024-12-12 23:59:59
2024-12-13,246.4,250.4,253.0,246.4,671484938.2,2692889,2024-12-13 23:59:59
2024-12-16,250.2,239.8,251.2,237.4,1081957249.8,4447889,2024-12-16 23:59:59
2024-12-17,238.0,237.8,242.2,234.6,1011605993.6,4252899,2024-12-17 23:59:59
2024-12-18,239.4,247.6,250.0,235.6,910284545.8,3743851,2024-12-18 23:59:59
2024-12-19,249.2,248.4,250.6,243.4,1208018493.8,4886853,2024-12-19 23:59:59
2024-12-20,248.4,292.8,293.2,247.0,3396328591.6,12393038,2024-12-20 23:59:59
2024-12-23,301.2,290.2,307.2,286.8,2328856365.0,7834450,2024-12-23 23:59:59
2024-12-24,289.0,284.2,290.4,282.2,967339097.0,3379826,2024-12-24 23:59:59
2024-12-25,282.2,297.2,298.8,280.0,1417836988.4,4913040,2024-12-25 23:59:59
2024-12-26,298.0,288.0,306.0,286.6,1700133410.4,5741159,2024-12-26 23:59:59
2024-12-27,288.6,293.2,294.8,282.4,1021234972.6,3550477,2024-12-27 23:59:59
2024-12-28,292.4,295.2,295.4,289.0,746953815.6,2559588,2024-12-28 23:59:59
2024-12-30,297.4,312.4,317.2,296.4,1535230761.6,5001400,2024-12-30 23:59:59
2025-01-03,316.0,303.4,317.2,302.2,985619660.6,3200023,2025-01-03 23:59:59
2025-01-06,300.4,300.2,303.8,294.4,737674014.6,2466911,2025-01-06 23:59:59
2025-01-08,303.0,312.6,313.6,299.0,785491119.0,2554858,2025-01-08 23:59:59
2025-01-09,312.6,298.6,313.8,297.0,1114399168.0,3659615,2025-01-09 23:59:59
2025-01-10,301.0,310.4,312.2,294.6,1667087711.8,5463576,2025-01-10 23:59:59
2025-01-13,313.0,305.0,318.4,301.0,1598800956.8,5148410,2025-01-13 23:59:59
2025-01-14,305.0,309.6,311.8,302.4,942986657.0,3061418,2025-01-14 23:59:59
2025-01-15,311.4,338.6,339.0,310.6,13412335510.8,40882254,2025-01-15 23:59:59
2025-01-16,338.6,337.6,342.4,332.2,5913327312.6,17528993,2025-01-16 23:59:59
2025-01-17,339.0,350.8,353.6,333.6,4516040981.0,13090190,2025-01-17 23:59:59
2025-01-20,354.0,342.6,361.6,340.4,4669933786.6,13302190,2025-01-20 23:59:59
2025-01-21,343.0,338.2,345.2,331.6,2923093840.0,8675792,2025-01-21 23:59:59
2025-01-22,338.6,346.6,356.4,335.0,5456461757.6,15636829,2025-01-22 23:59:59
2025-01-23,346.0,353.4,354.0,342.0,1763445714.4,5082456,2025-01-23 23:59:59
2025-01-24,354.0,350.2,359.2,345.6,2433384248.0,6895944,2025-01-24 23:59:59
2025-01-27,350.2,339.6,352.8,337.6,1833774126.2,5351566,2025-01-27 23:59:59
2025-01-28,338.4,342.0,344.6,333.0,1987760121.4,5869183,2025-01-28 23:59:59
2025-01-29,342.0,339.0,350.6,338.0,1802490937.6,5233476,2025-01-29 23:59:59
2025-01-30,339.0,341.0,343.4,336.0,1313277191.4,3863070,2025-01-30 23:59:59
2025-01-31,341.0,335.0,347.2,332.4,1797535457.6,5292019,2025-01-31 23:59:59
2025-02-03,335.0,322.4,335.0,318.6,2952556832.5,9080129,2025-02-03 23:59:59
2025-02-04,320.6,307.7,325.9,307.0,3486836549.5,11080121,2025-02-04 23:59:59
2025-02-05,308.3,316.0,319.0,299.6,4321138660.5,13987834,2025-02-05 23:59:59
2025-02-06,317.6,312.0,319.6,312.0,1846865204.0,5853553,2025-02-06 23:59:59
2025-02-07,312.0,303.0,316.0,298.2,2225848928.1,7265140,2025-02-07 23:59:59
2025-02-10,304.7,307.7,314.1,303.3,3275045762.7,10610688,2025-02-10 23:59:59
2025-02-11,307.5,317.4,318.1,304.6,2277552322.5,7293530,2025-02-11 23:59:59
2025-02-12,317.6,329.0,334.5,311.0,4674112037.0,14514603,2025-02-12 23:59:59
2025-02-13,332.4,325.8,345.2,320.4,3751750341.7,11298262,2025-02-13 23:59:59
2025-02-14,347.0,319.0,350.0,310.2,3254734505.6,9959170,2025-02-14 23:59:59
2025-02-17,323.6,334.2,335.1,322.0,2236367298.3,6825416,2025-02-17 23:59:59
2025-02-18,335.9,322.4,337.5,319.3,1997832436.0,6114855,2025-02-18 23:59:59
2025-02-19,322.9,327.4,330.0,316.1,1511148440.5,4683968,2025-02-19 23:59:59
2025-02-20,327.6,330.0,335.8,325.4,1613594895.3,4877074,2025-02-20 23:59:59
2025-02-21,330.0,329.6,333.0,325.0,848957454.3,2581468,2025-02-21 23:59:59
2025-02-24,329.6,340.2,340.8,329.5,1937968075.1,5757538,2025-02-24 23:59:59
2025-02-25,340.4,353.1,356.4,336.7,2580967530.5,7477470,2025-02-25 23:59:59
2025-02-26,353.1,334.9,358.8,332.9,4266239180.8,12450441,2025-02-26 23:59:59
2025-02-27,336.6,330.8,339.9,328.4,1560280814.9,4671504,2025-02-27 23:59:59
2025-02-28,330.1,333.6,336.0,322.8,2058122417.1,6259066,2025-02-28 23:59:59
2025-03-01,333.9,334.9,335.5,333.6,26855228.600000016,80235,2025-03-01 23:59:56
2025-03-02,334.6,333.5,336.7,333.5,32459011.300000016,97015,2025-03-02 23:59:59
2025-03-03,332.0,321.2,333.0,320.3,1260288483.7999992,3891436,2025-03-03 23:59:52
2025-03-04,321.2,336.8,339.4,321.1,2389700406.7999988,7199843,2025-03-04 23:59:56
2025-03-05,337.0,333.4,343.3,328.8,1760786534.4,5219138,2025-03-05 23:59:55
2025-03-06,334.4,332.1,338.7,329.6,977112016.9000013,2925369,2025-03-06 23:59:51
2025-03-07,334.0,330.3,338.2,323.8,979693984.0,2952801,2025-03-07 23:59:55
2025-03-10,330.4,326.9,333.4,326.6,460480091.99999976,1394577,2025-03-10 23:59:56
2025-03-11,327.4,327.0,330.7,322.4,780623863.0000018,2388479,2025-03-11 23:59:55
2025-03-12,327.0,321.8,327.4,317.2,849205124.5000001,2641937,2025-03-12 23:59:55
2025-03-13,321.8,322.6,324.2,312.7,1138278025.1,3572737,2025-03-13 23:59:56
2025-03-14,321.4,327.9,328.2,317.5,862188755.0999995,2672026,2025-03-14 23:59:55
2025-03-15,328.6,327.4,330.6,326.1,80637192.30000007,245532,2025-03-15 23:59:56
2025-03-16,327.4,331.2,331.8,327.3,70864340.89999998,214749,2025-03-16 23:59:56
2025-03-17,331.4,334.0,336.0,330.1,765401274.099999,2297517,2025-03-17 23:59:57
2025-03-18,335.0,326.8,337.5,325.5,1029190107.0999992,3089600,2025-03-18 23:59:56
2025-03-19,326.6,328.1,332.2,322.2,918479828.6999995,2808057,2025-03-19 23:59:55
2025-03-20,328.5,301.5,333.4,298.6,11428103013.399988,36901572,2025-03-20 23:59:59
2025-03-21,300.6,294.4,301.5,290.4,6437009652.600005,21807313,2025-03-21 23:59:55
2025-03-24,294.0,284.5,294.7,284.2,1886520011.6999998,6521429,2025-03-24 23:59:56
2025-03-25,284.6,291.8,292.9,283.1,1607604396.899998,5575690,2025-03-25 23:59:55
2025-03-26,291.9,286.1,293.6,286.0,708040112.9999999,2452652,2025-03-26 23:59:59
2025-03-27,287.5,282.0,287.5,275.2,1333846261.2999992,4742826,2025-03-27 23:59:56
2025-03-28,282.0,280.4,289.6,277.8,1696743824.6000004,5972100,2025-03-28 23:59:56
2025-03-29,280.0,274.2,280.0,273.5,253928214.99999994,923329,2025-03-29 23:59:56
2025-03-30,273.5,273.5,274.6,273.5,48636793.00000001,177747,2025-03-30 23:59:56
2025-03-31,271.1,282.0,285.2,266.2,1015675382.799998,3677187,2025-03-31 23:59:56
2025-04-01,282.0,274.5,291.7,273.3,1626101553.7999969,5746343,2025-04-01 23:59:55
2025-04-02,275.0,281.7,284.6,273.5,943749878.2999998,3368591,2025-04-02 23:59:55
2025-04-03,281.7,279.1,286.2,271.4,841171132.5999994,3023905,2025-04-03 23:59:56
2025-04-04,280.8,263.4,283.3,263.0,1041966275.7000002,3824894,2025-04-04 23:59:57
2025-04-05,262.3,263.1,265.4,260.5,77400760.29999997,295576,2025-04-05 23:59:56
2025-04-06,263.0,268.3,268.7,262.0,54440070.99999998,204257,2025-04-06 23:59:57
2025-04-07,264.9,257.1,265.2,233.5,3244598220.6999936,13042485,2025-04-07 23:59:49
2025-04-08,258.7,241.0,262.5,241.0,1161057159.4000006,4596615,2025-04-08 23:59:51
2025-04-09,241.0,251.7,252.0,230.6,1396715104.8999991,5798276,2025-04-09 23:59:53
2025-04-10,253.3,244.8,254.5,244.2,573908599.5,2303185,2025-04-10 19:04:15
2025-04-11,247.8,252.1,256.7,247.0,674780480.7000004,2679013,2025-04-11 23:59:55
2025-04-12,253.0,254.6,255.0,252.1,70068307.8,275796,2025-04-12 23:59:56
2025-04-13,254.7,256.8,257.5,253.7,52998081.30000001,207155,2025-04-13 23:59:56
2025-04-14,256.8,250.1,256.8,247.3,441462289.10000116,1761206,2025-04-14 23:59:55
2025-04-15,250.0,246.7,251.3,245.0,390045841.3000002,1576109,2025-04-15 23:59:55
2025-04-16,246.7,251.9,256.2,240.3,979155089.9000005,3946685,2025-04-16 23:59:55
2025-04-17,252.0,254.1,255.8,248.1,518488096.59999955,2055238,2025-04-17 23:59:55
2025-04-18,252.0,248.3,253.1,246.6,404394730.29999924,1616009,2025-04-18 23:59:55
2025-04-21,250.0,255.3,256.0,249.6,327782552.69999963,1290124,2025-04-21 23:59:55
2025-04-22,255.7,274.4,275.5,255.3,1930333886.8000014,7174568,2025-04-22 23:59:55
2025-04-23,275.5,272.5,276.6,265.1,1277187447.800001,4719474,2025-04-23 23:59:55
2025-04-24,272.8,272.8,278.5,268.5,1086285731.2999992,3974941,2025-04-24 23:59:59
2025-04-25,273.7,283.6,287.4,273.0,2980935550.2999997,10559597,2025-04-25 23:59:55
2025-04-26,284.0,282.8,286.7,281.5,210172478.90000007,738677,2025-04-26 23:59:56
2025-04-27,283.3,283.6,284.2,282.2,37215991.299999975,131489,2025-04-27 23:59:57
2025-04-28,283.6,272.9,285.0,270.8,1177975076.5999978,4252291,2025-04-28 23:59:57
2025-04-29,272.8,263.8,272.8,262.7,738670743.8000005,2760818,2025-04-29 23:59:56
2025-04-30,263.0,268.4,268.8,257.5,717187998.1999997,2734000,2025-04-30 23:59:56
2025-05-02,267.1,252.6,267.1,252.3,418383124.3000003,1616447,2025-05-02 23:59:55
2025-05-03,253.4,254.5,257.7,250.4,64717292.90000004,253622,2025-05-03 23:59:57
2025-05-04,254.5,255.4,256.0,253.6,27786726.500000007,108897,2025-05-04 23:59:57
2025-05-05,255.4,252.7,256.0,241.3,1220369746.0000005,4908914,2025-05-05 23:59:56
2025-05-06,253.0,257.0,265.3,244.0,1226740678.7000003,4806328,2025-05-06 23:59:59
2025-05-07,257.4,255.9,262.7,254.9,755060307.5000005,2922587,2025-05-07 23:59:54
2025-05-08,257.3,256.8,264.3,256.0,410583603.5000004,1584044,2025-05-08 23:59:54
2025-05-10,256.8,256.8,258.4,256.0,25710448.700000018,99849,2025-05-10 23:59:57
2025-05-11,260.3,258.7,262.5,257.0,100361755.29999997,386142,2025-05-11 23:59:56
2025-05-12,261.0,267.6,269.7,258.9,886699783.5000002,3341794,2025-05-12 23:59:51
2025-05-13,267.5,264.2,270.6,259.6,716056091.0999994,2701369,2025-05-13 23:59:55
2025-05-14,264.7,260.4,269.5,259.8,429642462.20000005,1617729,2025-05-14 23:59:55
2025-05-15,260.0,257.8,263.3,254.5,438114758.0000003,1693841,2025-05-15 23:59:55
2025-05-16,257.8,258.8,265.2,251.2,549911749.1999992,2135113,2025-05-16 23:59:55
2025-05-17,257.9,263.5,263.6,257.9,43279583.099999964,165972,2025-05-17 23:59:57
2025-05-18,264.0,265.0,266.0,263.3,53242712.099999934,201314,2025-05-18 23:59:57
2025-05-19,265.0,260.3,265.1,259.1,286972858.20000017,1096496,2025-05-19 23:59:55
2025-05-20,260.9,257.7,262.1,256.0,321758138.3,1242810,2025-05-20 23:59:59
2025-05-21,257.7,253.9,259.0,252.1,236033633.80000004,924763,2025-05-21 23:59:55
2025-05-22,254.0,251.8,256.0,249.0,297679623.0000001,1181622,2025-05-22 23:59:57
2025-05-23,251.8,250.0,254.2,249.5,183125069.6000001,727712,2025-05-23 23:59:55
2025-05-26,249.5,241.7,249.9,235.6,815526402.2000003,3380318,2025-05-26 23:59:56
2025-05-27,240.4,256.7,258.0,235.4,2181012422.0999985,8662339,2025-05-27 23:59:54
2025-05-28,257.2,262.4,262.8,253.3,1661337553.1999996,6464504,2025-05-28 23:59:55
2025-05-29,262.4,257.1,262.9,256.8,617802352.8999994,2378863,2025-05-29 23:59:55
2025-05-30,256.0,260.8,263.7,255.1,450079103.6000005,1731398,2025-05-30 23:59:56
2025-05-31,261.3,261.5,262.3,261.1,16347772.200000003,62482,2025-05-31 23:59:56
2025-06-01,260.4,253.0,260.6,253.0,158384961.10000002,621328,2025-06-01 23:59:57
2025-06-02,253.0,262.4,263.4,251.4,548052942.4999999,2119548,2025-06-02 23:59:56
2025-06-03,262.0,278.0,278.9,260.9,1224027115.000001,4513268,2025-06-03 23:59:55
2025-06-04,278.0,281.9,285.1,274.0,1803125493.5000002,6452330,2025-06-04 23:59:56
2025-06-05,282.0,284.8,291.6,281.5,1335861151.199999,4654629,2025-06-05 23:59:54
2025-06-06,287.2,273.7,294.4,272.0,2094164095.7,7433882,2025-06-06 23:59:58
2025-06-07,274.0,275.8,276.0,274.0,40557420.299999975,147370,2025-06-07 23:59:57
2025-06-08,275.8,272.4,277.0,272.4,54823910.79999999,199930,2025-06-08 23:59:57
2025-06-09,273.0,272.7,275.9,267.8,926933114.6999998,3426176,2025-06-09 23:59:56
2025-06-10,273.0,271.4,278.4,270.0,944577507.9000003,3449534,2025-06-10 23:59:55
2025-06-11,271.4,258.5,274.9,256.6,1584290160.3000004,6006907,2025-06-11 23:59:59
2025-06-13,261.1,257.6,262.9,256.7,442496813.20000035,1702357,2025-06-13 23:59:56
2025-06-14,258.1,259.6,260.0,258.1,34186619.999999985,131891,2025-06-14 23:59:56
2025-06-15,259.0,260.1,261.4,258.1,37092811.89999999,142820,2025-06-15 23:59:57
2025-06-16,260.3,256.6,263.7,256.2,562957087.7999992,2169732,2025-06-16 23:59:51
2025-06-17,256.6,262.7,264.4,255.1,704311859.1000001,2696735,2025-06-17 23:59:55
2025-06-18,262.8,266.8,272.7,262.8,1491054858.8999999,5560532,2025-06-18 23:59:55
2025-06-19,266.5,264.6,269.4,262.9,528371348.69999987,1987042,2025-06-19 23:59:59
2025-06-20,264.9,258.1,266.5,255.3,786681744.6000012,3026004,2025-06-20 23:59:54
2025-06-23,258.0,253.4,261.1,252.9,637807442.7000002,2490952,2025-06-23 23:59:55
2025-06-24,253.0,271.0,271.7,251.3,1724045869.0000012,6565312,2025-06-24 23:59:59
2025-06-25,270.6,268.7,274.6,266.3,1585907273.3000007,5867334,2025-06-25 23:59:56
2025-06-26,268.1,269.0,273.5,267.2,960698281.4000005,3552408,2025-06-26 23:59:54
2025-06-27,268.7,268.1,270.1,263.8,812400534.6000006,3046524,2025-06-27 23:59:59
2025-06-28,268.4,268.7,269.0,267.9,38629895.0,143774,2025-06-28 23:59:57
2025-06-29,268.1,269.1,270.7,267.8,47677631.9,177006,2025-06-29 23:59:59
2025-06-30,269.0,280.0,282.0,268.1,1545111592.4999995,5588414,2025-06-30 23:59:56
2025-07-01,280.0,281.7,286.7,278.0,1968396314.0999997,6969781,2025-07-01 23:59:54
2025-07-02,281.9,288.8,290.0,280.2,1667573196.7999983,5855364,2025-07-02 23:59:55
2025-07-03,288.7,293.0,298.4,283.2,2492728690.2999973,8538222,2025-07-03 23:59:55
2025-07-04,293.0,289.7,294.7,286.2,1198523733.0000007,4136918,2025-07-04 23:59:55
2025-07-05,290.0,288.5,290.0,288.3,31131349.30000002,107719,2025-07-05 23:59:56
2025-07-06,288.0,287.4,288.6,286.1,49022530.00000001,170533,2025-07-06 23:59:56
2025-07-07,289.7,284.2,289.7,280.1,1115270902.0000007,3921501,2025-07-07 23:59:55
2025-07-08,283.1,285.0,295.7,279.5,2028319732.5999978,7056952,2025-07-08 23:59:55
2025-07-09,285.1,302.9,303.5,285.1,4261045240.799997,14442760,2025-07-09 23:59:56
2025-07-10,303.3,319.4,321.0,298.7,6328417224.500007,20271599,2025-07-10 23:59:56
2025-07-11,319.7,321.8,327.2,310.6,7888570891.299994,24762224,2025-07-11 23:59:56
2025-07-12,320.5,323.3,325.8,320.2,345901199.60000014,1069309,2025-07-12 23:59:56
2025-07-13,322.1,318.2,323.5,316.5,378595947.09999955,1184970,2025-07-13 23:59:57
2025-07-14,317.0,324.2,324.2,307.5,4753600991.099999,15020437,2025-07-14 23:59:57
2025-07-15,323.9,331.0,333.7,320.8,4543025271.199997,13865316,2025-07-15 23:59:56
2025-07-16,331.5,329.0,332.7,327.3,2008262058.6000001,6093138,2025-07-16 23:59:55
2025-07-17,329.0,322.6,331.5,318.3,2310877684.3000007,7099938,2025-07-17 23:59:56
2025-07-18,322.6,327.4,329.9,321.5,2764852602.200001,8485087,2025-07-18 23:59:56
2025-07-19,327.4,329.7,332.3,327.4,386640131.5,1170514,2025-07-19 23:59:57
2025-07-20,332.0,328.9,332.0,328.8,120586910.80000003,365726,2025-07-20 23:59:57
2025-07-21,328.6,337.4,339.0,328.1,3829366282.999998,11411537,2025-07-21 23:59:57
2025-07-22,337.9,335.8,343.6,332.9,4031021750.8000026,11911557,2025-07-22 23:59:59
2025-07-23,336.0,332.0,337.7,330.6,1966644744.6999993,5897942,2025-07-23 23:59:59
2025-07-24,331.2,334.0,335.8,330.1,1212636832.500001,3642709,2025-07-24 23:59:55
2025-07-25,334.6,325.4,335.2,322.5,2325737262.2000027,7074898,2025-07-25 23:59:57
2025-07-26,325.3,324.3,326.8,323.2,88711443.50000015,273238,2025-07-26 23:59:57
2025-07-27,324.6,322.9,324.6,320.8,138234598.89999986,429509,2025-07-27 23:59:57
2025-07-28,322.9,317.2,328.7,315.3,2835278027.6999955,8834729,2025-07-28 23:59:58
2025-07-29,316.5,314.7,319.0,311.4,1700854209.2999988,5400843,2025-07-29 23:59:55
2025-07-30,314.2,325.6,327.0,311.9,3249661527.1,10109717,2025-07-30 23:59:59
2025-07-31,325.5,323.9,328.4,320.8,1030652882.5999999,3178478,2025-07-31 23:59:55
2025-08-01,323.9,327.3,332.0,323.9,1418553951.0999985,4326941,2025-08-01 23:59:56
2025-08-04,328.5,330.6,332.2,326.8,1118231436.6999981,3389183,2025-08-04 23:59:56
2025-08-05,330.6,328.0,333.5,325.0,1122346571.7000003,3416321,2025-08-05 23:59:54
2025-08-06,328.7,330.9,334.9,323.3,1572203211.6999981,4777277,2025-08-06 23:59:51
2025-08-07,330.9,331.8,334.4,327.5,1529921435.0000002,4618383,2025-08-07 23:59:56
2025-08-08,333.0,334.6,336.0,328.2,1092255656.4999998,3289176,2025-08-08 23:59:59
2025-08-11,337.1,340.4,342.5,336.3,1511371123.2000008,4453795,2025-08-11 23:59:57
2025-08-12,340.4,357.4,357.8,339.1,3645469749.4000025,10389227,2025-08-12 23:59:54
2025-08-13,358.4,352.7,366.5,350.6,6108232622.400003,17151174,2025-08-13 23:59:59
2025-08-14,352.2,349.0,353.4,346.4,1635373555.6000018,4682273,2025-08-14 23:59:59
2025-08-15,349.5,350.2,352.9,347.9,1067868011.1999992,3045897,2025-08-15 23:59:51
2025-08-16,347.0,345.0,347.0,340.7,263250941.50000018,765422,2025-08-16 23:59:56
2025-08-17,344.9,342.0,346.0,341.7,112037769.29999994,326611,2025-08-17 23:59:57
2025-08-18,342.0,347.1,349.0,341.9,942508805.2000006,2734415,2025-08-18 23:59:56
2025-08-19,347.5,346.5,352.0,345.0,1012825650.1000006,2903534,2025-08-19 23:59:55
2025-08-20,347.5,343.0,349.9,343.0,659008886.4999998,1903245,2025-08-20 23:59:59
2025-08-21,343.0,334.8,346.0,334.3,1083311636.0000005,3192641,2025-08-21 23:59:56
2025-08-22,336.0,338.4,339.6,332.0,499845623.0999994,1485516,2025-08-22 23:59:55
2025-08-23,338.0,340.0,342.0,337.4,56495360.99999994,165911,2025-08-23 23:59:57
2025-08-24,340.0,339.1,341.1,338.5,24100483.30000001,71016,2025-08-24 23:59:56
2025-08-25,339.2,330.8,339.7,330.6,562923326.4,1683787,2025-08-25 23:59:51
2025-08-26,333.9,339.1,339.4,332.2,787075962.3999997,2337890,2025-08-26 23:59:55
2025-08-27,340.0,345.8,346.9,339.0,1374382343.6999989,3989871,2025-08-27 23:59:59
2025-08-28,345.7,339.9,346.7,338.0,713254613.5000014,2086170,2025-08-28 23:59:55
2025-08-29,340.1,337.5,342.1,333.9,504811349.1000001,1492406,2025-08-29 23:59:55
2025-08-30,336.9,338.2,340.7,336.4,54861508.299999975,162147,2025-08-30 23:59:57
2025-08-31,338.0,338.5,339.5,337.5,26118414.600000016,77175,2025-08-31 23:59:56
2025-09-01,338.8,333.1,343.6,331.6,908005196.6000006,2690567,2025-09-01 23:59:55
2025-09-02,334.0,329.3,334.0,323.7,1072420757.5,3269464,2025-09-02 23:59:56
2025-09-03,329.3,335.3,336.4,324.8,896223098.1999993,2707508,2025-09-03 23:59:59
2025-09-04,335.5,331.1,336.8,327.7,786188170.9,2367827,2025-09-04 23:59:54
2025-09-05,332.0,329.7,332.0,327.2,609246446.1999997,1846592,2025-09-05 23:59:59
2025-09-06,330.0,329.0,331.8,328.6,31334600.6,95110,2025-09-06 23:59:56
2025-09-07,329.4,331.1,332.0,329.3,28517402.999999974,86172,2025-09-07 23:59:57
2025-09-08,331.0,333.3,335.7,329.5,525639716.69999987,1577280,2025-09-08 23:59:55
2025-09-09,334.3,330.8,337.0,327.5,861660811.9999995,2599017,2025-09-09 23:59:59
2025-09-10,330.8,325.6,331.0,324.7,813266930.5999994,2481655,2025-09-10 23:59:55
2025-09-11,325.0,326.3,328.7,321.3,934683114.3999999,2879203,2025-09-11 23:59:59
2025-09-12,326.4,317.8,331.5,315.1,1700628467.9000034,5249071,2025-09-12 23:59:59
2025-09-13,318.2,314.7,318.2,314.5,74846396.50000001,236828,2025-09-13 23:59:56
2025-09-14,314.0,317.4,317.8,312.5,101742335.80000004,322577,2025-09-14 23:59:56
2025-09-15,317.4,309.7,318.3,308.0,835668950.7000014,2669400,2025-09-15 23:59:59
2025-09-16,310.1,310.7,315.8,307.2,803415345.8000001,2571862,2025-09-16 23:59:55
2025-09-17,310.7,306.8,311.9,304.8,1163262904.7000017,3784038,2025-09-17 23:59:59
2025-09-18,306.2,303.4,310.6,302.8,884088873.7999995,2877852,2025-09-18 23:59:59
2025-09-19,303.0,303.8,306.2,300.1,884993353.4000002,2921042,2025-09-19 23:59:59
2025-09-22,302.2,296.3,303.9,290.0,1330139179.800001,4470120,2025-09-22 23:59:56
2025-09-23,298.0,293.2,304.1,290.3,1445992927.5,4846903,2025-09-23 23:59:59
2025-09-24,293.5,297.0,298.7,288.5,760002018.2000002,2581180,2025-09-24 23:59:55
2025-09-25,297.4,294.4,299.7,292.2,449377425.10000014,1515665,2025-09-25 23:59:54
2025-09-26,294.4,297.2,298.9,290.4,653809754.299999,2221576,2025-09-26 23:59:54
2025-09-27,297.1,297.1,298.1,296.2,25673068.500000007,86317,2025-09-27 23:59:57
2025-09-28,298.2,294.9,298.8,294.3,39515751.50000002,133744,2025-09-28 23:59:57
2025-09-29,295.0,282.3,298.0,278.7,1233669189.600002,4307362,2025-09-29 23:59:55
2025-09-30,283.7,277.6,283.7,271.3,1136055464.0999982,4097403,2025-09-30 23:59:59
2025-10-01,278.2,271.3,278.9,267.5,710292729.8000011,2602325,2025-10-01 23:59:54
2025-10-02,271.3,278.8,282.4,265.3,1548880197.1999989,5616751,2025-10-02 23:59:59
2025-10-03,279.7,265.9,281.9,265.5,1251576020.1999993,4599184,2025-10-03 23:59:59
2025-10-04,265.6,260.8,266.7,258.3,207720400.60000008,795783,2025-10-04 23:59:57
2025-10-05,260.8,264.2,264.3,258.8,74306438.89999998,283408,2025-10-05 23:59:57
2025-10-06,265.0,265.4,269.6,260.1,1406990373.9999995,5306434,2025-10-06 23:59:55
2025-10-07,264.0,273.6,274.3,263.4,1021031453.2000004,3788704,2025-10-07 23:59:54
2025-10-08,274.1,258.9,274.4,255.5,1130273982.0999992,4276954,2025-10-08 23:59:51
2025-10-09,259.9,266.6,276.2,245.0,2218665760.299996,8528582,2025-10-09 23:59:55
2025-10-10,268.3,263.1,268.5,260.4,1048015097.8000001,3963848,2025-10-10 23:59:55
2025-10-11,260.9,265.8,266.8,260.5,99309452.00000004,376161,2025-10-11 23:59:57
2025-10-12,266.0,266.8,267.7,265.3,42973915.60000002,161135,2025-10-12 23:59:56
2025-10-13,268.2,264.4,271.0,260.1,957998359.1999995,3609049,2025-10-13 23:59:59
2025-10-14,265.0,257.6,265.4,253.3,763684298.7000002,2957578,2025-10-14 23:59:54
2025-10-15,257.6,249.8,258.8,248.0,1084310326.7000005,4299761,2025-10-15 23:59:55
2025-10-16,249.8,269.0,270.5,245.5,1591461184.0999982,6217765,2025-10-16 23:59:51
2025-10-17,269.4,270.2,278.8,263.3,1246243005.700001,4596643,2025-10-17 23:59:55
2025-10-18,272.6,276.6,277.4,271.2,131267671.9000001,475946,2025-10-18 23:59:57
2025-10-19,277.0,275.0,278.1,272.4,121032593.09999996,440412,2025-10-19 23:59:56
2025-10-20,276.8,282.2,282.6,271.5,987056616.2999989,3546668,2025-10-20 23:59:54
2025-10-21,282.0,269.4,282.0,264.6,1561041022.2000003,5716996,2025-10-21 23:59:55
2025-10-22,269.4,261.9,272.5,255.2,928587992.599999,3486978,2025-10-22 23:59:59
2025-10-23,258.5,263.8,264.3,255.0,453756440.2000001,1749714,2025-10-23 23:59:59
2025-10-24,264.0,260.0,271.0,258.7,770554187.9000006,2930100,2025-10-24 23:59:59
2025-10-27,259.5,250.2,259.5,250.0,533398857.9000003,2106588,2025-10-27 23:59:59
2025-10-28,250.0,263.9,264.3,250.0,1277724184.0,4918508,2025-10-28 23:59:59
2025-10-29,264.0,262.9,266.3,259.8,747728964.7999996,2847059,2025-10-29 23:59:54
2025-10-30,263.0,265.1,268.3,260.3,393684131.0,1486329,2025-10-30 23:59:59
2025-10-31,266.2,259.7,266.6,258.5,348540770.6000004,1332663,2025-10-31 23:59:54
2025-11-01,259.4,260.6,262.2,258.6,201745888.00000018,774918,2025-11-01 23:59:58
2025-11-03,261.5,267.0,268.0,260.8,291793243.0000003,1097686,2025-11-03 23:59:57
2025-11-05,266.7,267.9,275.0,263.2,1060696331.6999999,3949218,2025-11-05 23:59:58
2025-11-06,268.0,266.6,271.0,264.1,362261924.39999986,1358480,2025-11-06 23:59:58
2025-11-07,266.6,267.9,270.0,265.4,331419070.7,1235233,2025-11-07 23:59:58
2025-11-08,267.9,268.0,269.1,267.4,15446938.799999999,57631,2025-11-08 23:59:57
2025-11-09,268.0,270.1,271.0,267.8,35634697.00000001,132268,2025-11-09 23:59:59
2025-11-10,270.0,272.0,275.7,269.3,488172065.8000006,1790618,2025-11-10 23:59:58
2025-11-11,272.0,273.4,277.0,270.3,421406646.1000001,1538098,2025-11-11 23:59:58
2025-11-12,274.7,275.4,280.3,270.6,1021020957.0000006,3713320,2025-11-12 23:59:58
2025-11-13,276.0,272.4,276.4,271.8,337718906.8000002,1232863,2025-11-13 23:59:58
2025-11-14,271.8,269.7,274.4,266.2,513096353.2999996,1895985,2025-11-14 23:59:58
2025-11-15,270.0,270.3,271.0,268.5,16563037.799999988,61278,2025-11-15 23:59:59
2025-11-16,270.5,269.0,271.4,268.0,28033331.79999999,104264,2025-11-16 23:59:59
2025-11-17,268.8,264.1,269.5,263.5,323293850.59999937,1218213,2025-11-17 23:59:58
2025-11-18,264.0,270.5,273.3,262.3,716361987.6999997,2661152,2025-11-18 23:59:58
2025-11-19,271.0,272.4,278.0,267.2,1107157932.7999983,4047636,2025-11-19 23:59:59
2025-11-20,272.7,278.7,278.8,270.0,706379461.9,2574899,2025-11-20 23:59:58
2025-11-21,279.1,275.1,279.6,269.2,678491331.899999,2476698,2025-11-21 23:59:58
2025-11-24,275.2,270.3,278.2,268.0,524745782.3000003,1927639,2025-11-24 23:59:59
2025-11-25,270.5,271.6,273.4,266.5,429379768.10000026,1587505,2025-11-25 23:59:59
2025-11-26,272.9,269.3,272.9,268.6,182783391.3999999,677249,2025-11-26 23:59:57
2025-11-27,269.0,265.7,271.1,264.0,288603342.59999996,1078733,2025-11-27 23:59:58
2025-11-28,265.8,272.8,274.9,265.3,470698073.0000003,1740801,2025-11-28 23:59:58
2025-11-29,273.3,273.2,273.6,272.1,23380349.2,85657,2025-11-29 23:59:59
2025-11-30,273.0,274.3,274.8,273.0,35742410.299999975,130471,2025-11-30 23:59:59
2025-12-01,274.5,279.2,281.1,271.5,562921234.0999998,2031883,2025-12-01 23:59:58
2025-12-02,279.0,276.9,279.9,274.4,371792918.7000001,1340923,2025-12-02 23:59:57
2025-12-03,274.0,272.5,274.3,270.0,364857246.1999999,1341939,2025-12-03 23:59:58
2025-12-04,273.0,287.0,287.9,273.0,2219447601.1999993,7833087,2025-12-04 23:59:58
2025-12-05,286.7,288.2,289.6,283.5,1241290610.8999999,4335422,2025-12-05 23:59:58
2025-12-08,289.5,294.2,298.0,288.2,2009219313.600003,6829255,2025-12-08 23:59:59
2025-12-09,294.0,295.7,297.3,290.3,1023838459.4999989,3482744,2025-12-09 23:59:58
2025-12-10,295.0,293.0,296.0,291.5,592015800.6999998,2016485,2025-12-10 23:59:59
2025-12-11,293.0,293.7,298.2,293.0,682376403.0999992,2309335,2025-12-11 23:59:59
2025-12-12,293.5,287.7,295.4,285.1,1101997431.700001,3807836,2025-12-12 23:59:59
2025-12-13,287.7,288.1,289.8,287.4,44805102.600000046,155385,2025-12-13 23:59:57
2025-12-14,288.1,286.4,288.6,286.0,46167661.19999995,160822,2025-12-14 23:59:57
2025-12-15,287.2,289.6,290.8,287.0,327938019.1999994,1133964,2025-12-15 23:59:59
2025-12-16,289.8,292.7,294.8,289.3,551211029.4999999,1885399,2025-12-16 23:59:58
2025-12-17,293.1,290.8,293.9,287.2,605955039.4000007,2090640,2025-12-17 23:59:58
2025-12-18,291.3,287.8,292.1,285.7,650729533.7999996,2257740,2025-12-18 23:59:59
2025-12-19,288.9,283.4,291.3,281.4,908162511.0999997,3175077,2025-12-19 23:59:59
2025-12-20,283.4,282.9,284.2,281.7,66433211.699999936,235111,2025-12-20 23:59:56
2025-12-21,283.5,284.2,285.0,282.7,53927236.20000003,189806,2025-12-21 23:59:56
2025-12-22,282.9,280.5,284.9,279.1,546690661.5999991,1944320,2025-12-22 23:59:59
2025-12-23,280.5,291.0,292.5,277.8,967619385.8000002,3380015,2025-12-23 23:59:59
2025-12-24,290.6,288.4,291.6,286.7,393720344.0000003,1363224,2025-12-24 23:59:58
2025-12-25,288.6,289.5,293.5,286.1,482839341.6000002,1663363,2025-12-25 23:59:59
2025-12-26,289.5,305.5,306.1,289.4,2467639076.699996,8216247,2025-12-26 23:59:58
2025-12-27,306.1,304.4,307.2,303.3,187720646.1999998,615790,2025-12-27 23:59:57
2025-12-28,304.1,304.4,305.4,301.4,133337217.69999996,439731,2025-12-28 23:59:57
2025-12-29,305.3,300.0,309.8,296.6,1737205985.8000023,5723709,2025-12-29 23:59:59
2025-12-30,299.9,302.3,304.0,299.5,363934966.2999998,1204422,2025-12-30 23:59:58
2026-01-05,301.5,296.3,302.3,294.8,332599705.4999998,1121005,2026-01-05 23:59:59
2026-01-06,297.4,295.0,298.1,294.2,197257275.50000003,666645,2026-01-06 23:59:57
2026-01-08,293.7,292.6,294.5,290.3,237554136.69999975,813080,2026-01-08 23:59:58
2026-01-09,293.2,291.1,295.8,291.1,241456375.79999995,825375,2026-01-09 23:59:57
2026-01-12,290.1,292.6,295.3,288.6,433054194.6000001,1478157,2026-01-12 23:59:59
2026-01-13,292.8,291.0,294.7,290.9,312295991.5000001,1067564,2026-01-13 23:59:59
2026-01-14,291.0,288.0,293.4,286.1,867696574.3000001,3000135,2026-01-14 23:59:59
2026-01-15,288.0,291.6,292.5,287.2,532498648.89999944,1835459,2026-01-15 23:59:59
2026-01-16,291.5,297.3,299.0,291.5,993399349.6000005,3352533,2026-01-16 23:59:59
2026-01-17,298.0,296.8,298.0,296.5,44601410.09999997,150095,2026-01-17 23:59:59
2026-01-18,297.4,297.3,297.6,296.4,23072440.899999984,77671,2026-01-18 23:59:57
2026-01-19,297.6,292.6,300.6,290.6,705526854.2999994,2376803,2026-01-19 23:59:59
2026-01-20,293.7,295.0,295.7,291.0,552931698.4000001,1886367,2026-01-20 23:59:58
2026-01-21,295.0,298.5,300.0,292.9,823809907.6999999,2773275,2026-01-21 23:59:59
2026-01-22,299.3,301.6,306.5,297.0,1491346774.0999975,4928456,2026-01-22 23:59:59
2026-01-23,301.8,305.0,306.4,299.1,671417893.4000002,2210018,2026-01-23 23:59:58
2026-01-24,305.2,303.5,305.7,301.0,133236441.49999997,439062,2026-01-24 23:59:52
2026-01-25,303.5,304.9,305.4,303.3,39607995.29999999,130049,2026-01-25 23:59:56
2026-01-26,304.7,300.6,304.8,298.6,532078044.69999963,1767549,2026-01-26 23:59:55
2026-01-27,301.8,310.8,312.2,299.0,1296282631.3999991,4225489,2026-01-27 23:59:59
2026-01-28,310.1,309.3,315.2,307.5,1075087832.0999992,3456953,2026-01-28 23:59:59
2026-01-29,308.4,308.7,314.6,304.4,1114918296.0000012,3589794,2026-01-29 23:59:51
2026-01-30,309.0,302.8,309.5,301.8,780209982.8000015,2560779,2026-01-30 23:59:54
2026-01-31,302.2,303.2,304.5,302.2,30960161.90000001,101982,2026-01-31 23:59:59
2026-02-01,303.8,303.7,304.5,302.2,46943143.900000036,154640,2026-02-01 23:59:56
2026-02-02,304.0,307.0,308.2,300.6,568610378.7999996,1866001,2026-02-02 23:59:59
2026-02-03,307.7,314.0,317.5,304.9,2249612594.8999996,7187090,2026-02-03 23:59:59
2026-02-04,314.0,309.6,319.55,309.1,1576222241.0500016,4996985,2026-02-04 23:59:59
2026-02-05,309.6,312.5,314.2,307.15,942572719.1000018,3036951,2026-02-05 23:59:55
2026-02-06,312.8,311.85,316.65,311.3,587916262.2000003,1873787,2026-02-06 23:59:58
2026-02-07,311.9,312.8,313.05,311.8,33385437.600000035,106930,2026-02-07 23:59:56
2026-02-08,312.85,312.2,313.3,311.55,32058474.950000003,102674,2026-02-08 23:59:56
2026-02-09,311.6,309.55,312.7,307.85,425462866.74999976,1374261,2026-02-09 23:59:59
2026-02-10,310.0,323.9,325.7,308.9,8476156314.149997,26459815,2026-02-10 23:59:59
2026-02-11,324.3,318.95,325.5,317.7,2199935593.000003,6875886,2026-02-11 23:59:59
2026-02-12,317.7,319.0,320.85,317.2,792749457.8999993,2487338,2026-02-12 23:59:58
2026-02-13,319.0,317.95,319.9,313.55,872140082.95,2744800,2026-02-13 23:59:55
2026-02-16,318.1,319.65,323.35,316.5,652785862.6999993,2040783,2026-02-16 23:59:59
2026-02-17,319.75,322.75,326.15,316.5,2333489853.699998,7236242,2026-02-17 23:59:59
2026-02-18,322.75,318.9,324.95,318.35,1032702954.1499999,3215314,2026-02-18 23:59:59
2026-02-19,319.5,315.95,321.6,315.15,686192226.3499999,2160427,2026-02-19 23:59:59
2026-02-20,316.65,317.65,319.4,315.7,480773312.6999999,1511664,2026-02-20 23:59:59
2026-02-21,318.0,317.9,318.4,317.3,19185755.550000023,60388,2026-02-21 23:59:57
2026-02-22,318.0,317.7,318.75,317.6,28288301.80000002,88948,2026-02-22 23:59:57
2026-02-23,317.7,317.9,318.55,316.6,34814184.65,109628,2026-02-23 23:59:58
2026-02-24,318.2,314.45,321.35,313.75,814124167.4000002,2568852,2026-02-24 23:59:59
2026-02-25,315.0,312.5,315.95,310.6,651426376.2500004,2082998,2026-02-25 23:59:59
2026-02-26,312.7,313.4,315.5,311.7,669431481.2500004,2134647,2026-02-26 23:59:59
2026-02-27,313.85,312.55,314.75,312.4,302056146.20000005,962957,2026-02-27 23:59:59
2026-02-28,313.15,309.25,313.2,308.4,316979886.05000025,1022535,2026-02-28 23:59:57
2026-03-01,309.25,309.4,311.0,308.6,47317264.39999998,152741,2026-03-01 23:59:58
2026-03-02,309.75,305.1,310.5,304.05,658791967.2000002,2150356,2026-03-02 23:59:52
2026-03-03,305.1,300.05,306.1,299.4,525165662.6500001,1736888,2026-03-03 23:59:55
2026-03-04,300.1,302.4,303.7,300.1,378947788.7000003,1253755,2026-03-04 23:59:58
2026-03-05,302.6,304.0,306.4,301.1,415064850.75000024,1367336,2026-03-05 23:59:59
2026-03-06,304.75,300.2,305.35,298.35,382470755.54999995,1268675,2026-03-06 23:59:59
2026-03-09,298.0,299.0,303.0,291.2,563744457.3500005,1894085,2026-03-09 23:59:59
2026-03-10,299.0,298.6,303.6,297.0,676078492.5500004,2251814,2026-03-10 23:59:59
2026-03-11,298.5,302.35,305.85,298.15,519373128.35000026,1717003,2026-03-11 23:59:58
2026-03-12,301.7,300.55,305.8,299.2,422534355.74999976,1398744,2026-03-12 23:59:59
2026-03-13,302.0,297.55,302.4,297.3,308328535.15000004,1030125,2026-03-13 23:59:58
2026-03-14,298.25,298.6,299.05,297.45,23018046.00000002,77130,2026-03-14 23:59:59
2026-03-15,298.6,300.0,300.65,298.15,43532265.60000001,145281,2026-03-15 23:59:56
2026-03-16,302.0,308.85,314.0,300.05,2697984229.950003,8734013,2026-03-16 23:59:59
2026-03-17,308.8,310.3,311.1,305.65,731182621.950001,2372625,2026-03-17 23:59:58
2026-03-18,310.3,302.05,310.3,300.55,926385879.1999995,3032782,2026-03-18 23:59:58
2026-03-19,301.5,294.75,306.0,292.3,1215851291.7500007,4068675,2026-03-19 23:59:54
2026-03-20,294.0,289.95,297.65,287.85,765546936.5999993,2614237,2026-03-20 23:59:38
2026-03-23,289.5,289.25,293.5,281.65,966693242.949999,3370402,2026-03-23 23:59:59
2026-03-24,291.1,286.0,293.0,285.1,333064526.5500007,1153618,2026-03-24 23:59:59
2026-03-25,286.75,287.85,289.65,285.35,298850723.65000015,1040886,2026-03-25 23:59:59
2026-03-26,288.0,282.2,289.65,280.2,418656622.19999945,1471918,2026-03-26 23:59:59
2026-03-27,282.45,271.65,284.15,271.0,801728625.6499995,2907850,2026-03-27 23:59:59
2026-03-28,271.6,272.0,272.7,271.6,17504274.999999993,64358,2026-03-28 23:59:57
2026-03-29,272.0,271.0,272.7,269.65,99137083.80000004,366177,2026-03-29 23:59:57
2026-03-30,271.8,277.15,277.8,270.25,973520840.9000016,3541359,2026-03-30 23:59:59
2026-03-31,277.6,276.6,278.05,274.1,463777702.1499992,1681871,2026-03-31 23:59:59
2026-04-01,276.6,279.5,279.5,275.1,303844862.2500008,1093429,2026-04-01 23:59:58
2026-04-02,279.0,274.15,279.5,273.3,285391674.44999963,1034492,2026-04-02 23:59:59
2026-04-03,274.5,270.4,275.9,270.0,232452285.35000014,852257,2026-04-03 23:59:59
2026-04-04,270.95,270.5,272.65,270.1,16123174.450000007,59478,2026-04-04 23:59:59
2026-04-05,270.4,271.0,272.3,270.15,32571736.950000003,120166,2026-04-05 23:59:56
2026-04-06,270.85,267.15,271.15,263.95,649618300.4000001,2436558,2026-04-06 23:59:58
2026-04-07,267.15,265.3,269.85,264.75,578684100.9499996,2169698,2026-04-07 23:59:59
2026-04-08,265.15,271.1,274.0,263.0,1029903207.3500011,3818655,2026-04-08 23:59:58
2026-04-09,271.1,267.3,274.6,264.8,663745157.9999996,2468425,2026-04-09 23:59:59
2026-04-10,267.35,269.15,271.45,265.05,467959871.7000006,1747480,2026-04-10 23:59:59
2026-04-11,268.05,267.95,268.9,266.9,31247263.999999985,116600,2026-04-11 23:59:56
2026-04-12,268.0,268.45,269.0,267.1,30251031.24999999,112906,2026-04-12 23:59:57
2026-04-13,268.9,261.75,268.9,260.25,583532945.9500004,2219002,2026-04-13 23:59:59
2026-04-14,261.75,261.7,266.0,260.9,404477812.39999986,1537068,2026-04-14 23:59:59
2026-04-15,261.9,268.0,268.8,261.75,434760958.09999985,1635727,2026-04-15 23:59:59
2026-04-16,267.95,272.7,276.85,266.9,1018317678.4999995,3727309,2026-04-16 23:59:59
2026-04-17,273.55,268.25,273.65,266.0,502457692.0499996,1868404,2026-04-17 23:59:55
2026-04-18,269.45,268.8,269.5,268.2,14737524.050000006,54803,2026-04-18 23:59:56
2026-04-19,268.8,269.1,269.1,268.25,12749578.999999983,47433,2026-04-19 23:59:56
