Тикер,Стратегия,TF,AllowShort,Период начало,Период окончание,"Доходность, %","Макс. просадка, %",Sharpe,Sortino,"Волатильность, %",Дней
SBER,Equity_EMA_Crossover_50_100_False (1D),1D,False,2014-01-06 00:00:00,2026-04-19 00:00:00,393.55,42.06,0.71,0.76,20.84,3173.0
SBER,Equity_EMA_Crossover_50_200_False (1D),1D,False,2014-01-06 00:00:00,2026-04-19 00:00:00,182.25,50.74,0.5,0.53,21.03,3173.0
SBER,Equity_EMA_Crossover_50_100_False (1h),1h,False,2014-01-06 00:00:00,2026-04-19 00:00:00,448.65,29.48,0.79,0.89,19.62,3173.0
SBER,Equity_EMA_Crossover_50_200_False (1h),1h,False,2014-01-06 00:00:00,2026-04-19 00:00:00,257.69,32.36,0.6,0.69,20.13,3173.0
SBER,Equity_EMA_Crossover_50_100_True (1D),1D,True,2014-01-06 00:00:00,2026-04-19 00:00:00,356.88,66.96,0.57,0.79,27.7,3173.0
SBER,Equity_EMA_Crossover_50_200_True (1D),1D,True,2014-01-06 00:00:00,2026-04-19 00:00:00,62.13,75.48,0.28,0.39,27.63,3173.0
SBER,Equity_EMA_Crossover_50_100_True (1h),1h,True,2014-01-06 00:00:00,2026-04-19 00:00:00,397.75,48.64,0.59,0.91,28.77,3173.0
SBER,Equity_EMA_Crossover_50_200_True (1h),1h,True,2014-01-06 00:00:00,2026-04-19 00:00:00,122.81,49.85,0.36,0.56,29.07,3173.0
SBER,Equity_LongTermHold (1D),1D,False,2014-01-06 00:00:00,2026-04-19 00:00:00,228.32,73.81,0.46,0.54,33.24,3173.0
SBER,Equity_RSI_30_70_14 (1D)_x,,,2014-01-06 00:00:00,2026-04-19 00:00:00,-103.39,109.44,-0.42,-0.3,1275.17,3173.0
SBER,Equity_RSI_30_70_14 (1D)_y,,,2014-01-06 00:00:00,2026-04-19 00:00:00,-31.97,66.7,0.02,0.01,25.94,3173.0
SBER,Equity_RSI_20_80_14 (1D)_x,,,2014-01-06 00:00:00,2026-04-19 00:00:00,-82.5,153.99,-0.13,-0.19,982.18,3173.0
SBER,Equity_RSI_20_80_14 (1D)_y,,,2014-01-06 00:00:00,2026-04-19 00:00:00,79.18,39.89,0.35,0.3,18.15,3173.0
SBER,Equity_RSI_30_70_14 (1h)_x,,,2014-01-06 00:00:00,2026-04-19 00:00:00,-94.83,95.76,-0.49,-0.59,35.06,3173.0
SBER,Equity_RSI_30_70_14 (1h)_y,,,2014-01-06 00:00:00,2026-04-19 00:00:00,-39.13,65.58,-0.02,-0.01,25.62,3173.0
SBER,Equity_RSI_20_80_14 (1h)_x,,,2014-01-06 00:00:00,2026-04-19 00:00:00,-85.94,96.38,-0.19,-0.23,39.59,3173.0
SBER,Equity_RSI_20_80_14 (1h)_y,,,2014-01-06 00:00:00,2026-04-19 00:00:00,24.18,62.15,0.21,0.16,26.68,3173.0
SBER,Equity_MACD_12_26_9 (1D)_x,,,2014-01-06 00:00:00,2026-04-19 00:00:00,368.84,53.83,0.54,0.86,31.26,3173.0
SBER,Equity_MACD_12_26_9 (1D)_y,,,2014-01-06 00:00:00,2026-04-19 00:00:00,411.16,50.25,0.73,0.7,20.84,3173.0
SBER,Equity_MACD_12_26_9 (1h)_x,,,2014-01-06 00:00:00,2026-04-19 00:00:00,3196.43,35.64,1.11,1.75,28.86,3173.0
SBER,Equity_MACD_12_26_9 (1h)_y,,,2014-01-06 00:00:00,2026-04-19 00:00:00,1284.86,28.72,1.04,1.46,22.45,3173.0
SBER,Equity_OBV_Signal_14 (1D)_x,,,2014-01-06 00:00:00,2026-04-19 00:00:00,75.92,46.18,0.3,0.44,29.61,3173.0
SBER,Equity_OBV_Signal_14 (1D)_y,,,2014-01-06 00:00:00,2026-04-19 00:00:00,242.56,30.21,0.59,0.6,20.11,3173.0
SBER,Equity_OBV_Signal_14 (1h)_x,,,2014-01-06 00:00:00,2026-04-19 00:00:00,461.62,57.48,0.6,0.81,31.08,3173.0
SBER,Equity_OBV_Signal_14 (1h)_y,,,2014-01-06 00:00:00,2026-04-19 00:00:00,486.19,47.89,0.74,0.98,22.46,3173.0
SBER,Equity_VWAP_Signal_yearly_100_5 (1D)_x,,,2014-01-06 00:00:00,2026-04-19 00:00:00,1356.71,48.51,0.91,1.48,27.47,3173.0
SBER,Equity_VWAP_Signal_yearly_100_5 (1D)_y,,,2014-01-06 00:00:00,2026-04-19 00:00:00,772.34,27.29,0.96,1.13,19.98,3173.0
SBER,Equity_VWAP_Signal_rolling_100_5 (1h)_x,,,2014-01-06 00:00:00,2026-04-19 00:00:00,1582.61,32.46,0.91,1.47,29.1,3173.0
SBER,Equity_VWAP_Signal_rolling_100_5 (1h)_y,,,2014-01-06 00:00:00,2026-04-19 00:00:00,877.32,33.95,0.98,1.26,20.57,3173.0
SBER,Equity_Engulfing (1D)_x,,,2014-01-06 00:00:00,2026-04-19 00:00:00,17.61,75.81,0.2,0.25,31.46,3173.0
SBER,Equity_HammerDoji (1D)_x,,,2014-01-06 00:00:00,2026-04-19 00:00:00,-61.22,84.91,-0.05,-0.05,33.83,3173.0
SBER,Equity_Harami (1D)_x,,,2014-01-06 00:00:00,2026-04-19 00:00:00,429.64,76.49,0.52,0.79,39.64,3173.0
SBER,Equity_CandleEnsemble_win5_v2 (1D)_x,,,2014-01-06 00:00:00,2026-04-19 00:00:00,29.24,69.57,0.23,0.28,32.95,3173.0
SBER,Equity_Engulfing (1D)_y,,,2014-01-06 00:00:00,2026-04-19 00:00:00,157.1,57.0,0.46,0.32,22.35,3173.0
SBER,Equity_HammerDoji (1D)_y,,,2014-01-06 00:00:00,2026-04-19 00:00:00,37.04,74.42,0.24,0.2,27.32,3173.0
SBER,Equity_Harami (1D)_y,,,2014-01-06 00:00:00,2026-04-19 00:00:00,557.76,45.12,0.75,0.88,23.82,3173.0
SBER,Equity_CandleEnsemble_win5_v2 (1D)_y,,,2014-01-06 00:00:00,2026-04-19 00:00:00,164.7,62.73,0.45,0.34,24.02,3173.0
SBER,Equity_Engulfing (1h)_x,,,2014-01-06 00:00:00,2026-04-19 00:00:00,76.77,58.86,0.31,0.37,33.2,3173.0
SBER,Equity_HammerDoji (1h)_x,,,2014-01-06 00:00:00,2026-04-19 00:00:00,-96.52,96.88,-0.64,-0.86,33.25,3173.0
SBER,Equity_Harami (1h)_x,,,2014-01-06 00:00:00,2026-04-19 00:00:00,-95.56,96.84,-0.54,-0.63,34.48,3173.0
SBER,Equity_CandleEnsemble_win5_v2 (1h)_x,,,2014-01-06 00:00:00,2026-04-19 00:00:00,-24.81,67.81,0.09,0.13,33.44,3173.0
SBER,Equity_Engulfing (1h)_y,,,2014-01-06 00:00:00,2026-04-19 00:00:00,222.66,55.46,0.5,0.48,25.38,3173.0
SBER,Equity_HammerDoji (1h)_y,,,2014-01-06 00:00:00,2026-04-19 00:00:00,-53.82,71.62,-0.15,-0.15,23.28,3173.0
SBER,Equity_Harami (1h)_y,,,2014-01-06 00:00:00,2026-04-19 00:00:00,-45.33,71.92,-0.04,-0.03,26.85,3173.0
SBER,Equity_CandleEnsemble_win5_v2 (1h)_y,,,2014-01-06 00:00:00,2026-04-19 00:00:00,118.3,39.02,0.4,0.43,21.69,3173.0
SBER,Equity_TrendlineBreakout (1D),1D,True,2014-01-06 00:00:00,2026-04-19 00:00:00,368.65,33.05,0.73,0.76,19.44,3173.0
SBER,Equity_TrendlineRetest (1D),1D,True,2014-01-06 00:00:00,2026-04-19 00:00:00,156.69,39.51,0.51,0.48,17.89,3173.0
SBER,Equity_BreakoutPivot (1D),1D,True,2014-01-06 00:00:00,2026-04-19 00:00:00,32.08,71.48,0.22,0.19,24.7,3173.0
SBER,Equity_BreakoutOLSPivot (1D),1D,True,2014-01-06 00:00:00,2026-04-19 00:00:00,95.72,65.98,0.35,0.29,24.54,3173.0
SBER,Equity_RetestPivot (1D),1D,True,2014-01-06 00:00:00,2026-04-19 00:00:00,10.91,70.88,0.16,0.12,23.49,3173.0
SBER,Equity_RetestOLSPivot (1D),1D,True,2014-01-06 00:00:00,2026-04-19 00:00:00,39.78,63.64,0.24,0.18,23.1,3173.0
SBER,Equity_ARIMA_Signal (1D),1D,True,2014-01-06 00:00:00,2026-04-19 00:00:00,-58.91,88.29,-0.06,-0.07,31.17,3173.0
SBER,Equity_GARCH_VolTarget (1D),1D,True,2014-01-06 00:00:00,2026-04-19 00:00:00,602.64,53.07,0.72,1.01,26.2,3173.0
SBER,Equity_TGARCH_VolTarget (1D),1D,True,2014-01-06 00:00:00,2026-04-19 00:00:00,657.23,55.39,0.78,1.09,24.38,3173.0
SBER,Equity_VAR_Signal (1D),1D,True,2014-01-06 00:00:00,2026-04-19 00:00:00,-43.36,78.85,0.02,0.02,31.06,3173.0
SBER,Equity_VARMAX_Signal (1D),1D,True,2014-01-06 00:00:00,2026-04-19 00:00:00,199.35,73.06,0.44,0.52,31.55,3173.0
SBER,Equity_ImprovedVAR_Signal (1D),1D,True,2014-01-06 00:00:00,2026-04-19 00:00:00,-43.36,78.85,0.02,0.02,31.06,3173.0
SBER,Equity_ExpSmoothing_Signal (1D),1D,True,2014-01-06 00:00:00,2026-04-19 00:00:00,13.89,75.48,0.21,0.23,34.12,3173.0
SBER,Equity_ES_Signal (1D),1D,True,2014-01-06 00:00:00,2026-04-19 00:00:00,-25.9,75.24,0.07,0.09,29.55,3173.0
SBER,Equity_DDM_Gordon (1D),1D,True,2014-01-06 00:00:00,2026-04-19 00:00:00,73.66,73.81,0.31,0.26,25.57,3173.0
SBER,Equity_DividendYield (1D),1D,True,2014-01-06 00:00:00,2026-04-19 00:00:00,-52.94,67.74,-0.31,-0.06,14.92,3173.0
SBER,Equity_DCF_TwoStage (1D),1D,True,2014-01-06 00:00:00,2026-04-19 00:00:00,0.0,0.0,,,0.0,3173.0
SBER,Equity_DCF_MultiStage (1D),1D,True,2014-01-06 00:00:00,2026-04-19 00:00:00,0.0,0.0,,,0.0,3173.0
SBER,Equity_MultipleRegression (1D),1D,True,2014-01-06 00:00:00,2026-04-19 00:00:00,0.0,0.0,,,0.0,3173.0
SBER,Equity_EPSGrowth (1D),1D,True,2014-01-06 00:00:00,2026-04-19 00:00:00,19.55,73.81,0.18,0.13,22.66,3173.0
SBER,Equity_ROE (1D),1D,True,2014-01-06 00:00:00,2026-04-19 00:00:00,26.67,73.81,0.2,0.14,22.6,3173.0
SBER,Equity_NetProfit (1D),1D,True,2014-01-06 00:00:00,2026-04-19 00:00:00,19.55,73.81,0.18,0.13,22.66,3173.0
SBER,Equity_RelValuation_PE (1D),1D,True,2014-01-06 00:00:00,2026-04-19 00:00:00,110.19,38.85,0.44,0.36,16.29,3173.0
SBER,Equity_RelValuation_PB (1D),1D,True,2014-01-06 00:00:00,2026-04-19 00:00:00,35.53,32.04,0.28,0.21,10.62,3173.0
SBER,Equity_MultTrend_PE (1D),1D,True,2014-01-06 00:00:00,2026-04-19 00:00:00,0.0,0.0,,,0.0,3173.0
SBER,Equity_ComplexScoring (1D),1D,True,2014-01-06 00:00:00,2026-04-19 00:00:00,0.0,0.0,,,0.0,3173.0
SBER,Equity_PriceDisconnect (1D),1D,True,2014-01-06 00:00:00,2026-04-19 00:00:00,5.97,73.81,0.14,0.09,22.25,3173.0
SBER,BuyHold_IMOEX,,,2014-01-06 00:00:00,2026-04-19 00:00:00,85.79,55.29,0.33,0.37,22.97,3173.0
