Тикер,Стратегия,Таймфрейм,AllowShort,Pyramiding,Initial Account Size,Entry %,Дата начала,Дата окончания,Параметры стратегии,Количество сигналов,Количество сделок,Прибыльных сделок,Убыточных сделок,Процент прибыльных сделок,Средняя прибыль,Средний убыток,Среднее время удержания (дней),Среднее время удержания (часов),Макс. просадка (%),Макс. прибыль по сделке,Макс. убыток по сделке,Процент роста,Sharpe,Sortino,Std. return,Reward/Risk
SBER,EMA_Crossover_50_100_False,1D,False,1,1000000.0,100.0,2014-01-06 00:00:00,2026-04-19 00:00:00,"{""short_ema"":50,""long_ema"":100}",23,12,7,5,58.33,722310.25,-224130.56,241.0,,42.06,2186659.7999999993,-639575.2300000001,393.55,0.71,0.76,0.0131,0.02
SBER,EMA_Crossover_50_200_False,1D,False,1,1000000.0,100.0,2014-01-06 00:00:00,2026-04-19 00:00:00,"{""short_ema"":50,""long_ema"":200}",25,13,6,7,46.15,457540.3,-131819.04,219.85,,50.74,941711.8,-260424.8400000001,182.25,0.5,0.53,0.0132,0.01
SBER,EMA_Crossover_50_100_False,1h,False,1,1000000.0,100.0,2014-01-06 10:00:00,2026-04-19 18:00:00,"{""short_ema"":50,""long_ema"":100}",307,154,62,92,40.26,153862.48,-54923.39,16.11,386.64,29.63,1030967.6000000002,-231719.52000000046,448.65,0.6,0.55,0.0033,0.01
SBER,EMA_Crossover_50_200_False,1h,False,1,1000000.0,100.0,2014-01-06 10:00:00,2026-04-19 18:00:00,"{""short_ema"":50,""long_ema"":200}",243,122,49,73,40.16,126757.48,-49783.23,21.53,516.78,32.88,862315.5599999999,-168806.4299999998,257.69,0.46,0.44,0.0034,0.0
SBER,EMA_Crossover_50_100_True,1D,True,1,1000000.0,100.0,2014-01-06 00:00:00,2026-04-19 00:00:00,"{""short_ema"":50,""long_ema"":100}",23,23,10,13,43.48,631326.4,-211116.02,194.74,,66.96,2104980.1999999997,-715971.74,356.88,0.57,0.79,0.0175,0.01
SBER,EMA_Crossover_50_200_True,1D,True,1,1000000.0,100.0,2014-01-06 00:00:00,2026-04-19 00:00:00,"{""short_ema"":50,""long_ema"":200}",25,25,8,17,32.0,359779.29,-132761.92,179.16,,75.48,920575.84,-459875.7000000001,62.13,0.28,0.39,0.0174,0.01
SBER,EMA_Crossover_50_100_True,1h,True,1,1000000.0,100.0,2014-01-06 10:00:00,2026-04-19 18:00:00,"{""short_ema"":50,""long_ema"":100}",307,307,102,205,33.22,147624.04,-54049.54,14.58,349.99,50.11,1149820.3600000003,-444646.8300000001,397.75,0.44,0.57,0.0049,0.0
SBER,EMA_Crossover_50_200_True,1h,True,1,1000000.0,100.0,2014-01-06 10:00:00,2026-04-19 18:00:00,"{""short_ema"":50,""long_ema"":200}",243,243,75,168,30.86,104417.51,-39304.69,18.42,442.1,51.59,766658.64,-264038.1799999999,122.81,0.27,0.35,0.005,0.0
SBER,LongTermHold,1D,False,1,1000000.0,100.0,2014-01-06 00:00:00,2026-04-19 00:00:00,{},2,1,1,0,100.0,2283242.4,0.0,4486.0,,73.81,2283242.4,2283242.4,228.32,0.46,0.54,0.0209,0.01
SBER,RSI_30_70_14,1D,True,1,1000000.0,100.0,2014-01-06 00:00:00,2026-04-19 00:00:00,"{""rsi_lower"":30,""rsi_upper"":70,""rsi_window"":14}",123,19,9,10,47.37,45493.4,-144669.53,202.95,,109.44,157982.24000000005,-305285.75999999995,-103.73,-0.42,-0.3,0.8033,-0.31
SBER,RSI_30_70_14,1D,False,1,1000000.0,100.0,2014-01-06 00:00:00,2026-04-19 00:00:00,"{""rsi_lower"":30,""rsi_upper"":70,""rsi_window"":14}",123,11,7,4,63.64,114228.6,-279830.67,153.27,,66.7,189349.32000000004,-756368.7999999999,-31.97,0.02,0.01,0.0163,0.0
SBER,RSI_20_80_14,1D,True,1,1000000.0,100.0,2014-01-06 00:00:00,2026-04-19 00:00:00,"{""rsi_lower"":20,""rsi_upper"":80,""rsi_window"":14}",21,5,3,2,60.0,116480.91,-587244.54,885.8,,153.99,294901.1,-1140366.0,-82.5,-0.13,-0.19,0.6187,-0.05
SBER,RSI_20_80_14,1D,False,1,1000000.0,100.0,2014-01-06 00:00:00,2026-04-19 00:00:00,"{""rsi_lower"":20,""rsi_upper"":80,""rsi_window"":14}",21,3,3,0,100.0,263937.8,0.0,475.0,,39.89,294901.1,217921.5,79.18,0.35,0.3,0.0114,0.01
SBER,RSI_30_70_14,1h,True,1,1000000.0,100.0,2014-01-06 10:00:00,2026-04-19 18:00:00,"{""rsi_lower"":30,""rsi_upper"":70,""rsi_window"":14}",1300,304,177,127,58.22,10734.56,-22428.02,14.75,353.93,95.8,88493.40000000004,-276843.29999999993,-94.83,-0.31,-0.36,0.0068,-0.0
SBER,RSI_30_70_14,1h,False,1,1000000.0,100.0,2014-01-06 10:00:00,2026-04-19 18:00:00,"{""rsi_lower"":30,""rsi_upper"":70,""rsi_window"":14}",1300,152,99,53,65.13,23874.16,-51977.4,13.8,331.1,75.71,102316.7999999999,-412396.71,-39.13,0.02,0.02,0.0055,0.0
SBER,RSI_20_80_14,1h,True,1,1000000.0,100.0,2014-01-06 10:00:00,2026-04-19 18:00:00,"{""rsi_lower"":20,""rsi_upper"":80,""rsi_window"":14}",290,86,56,30,65.12,20268.44,-66479.93,52.13,1251.14,96.5,146708.02000000008,-577987.2,-85.94,-0.11,-0.13,0.0076,-0.0
SBER,RSI_20_80_14,1h,False,1,1000000.0,100.0,2014-01-06 10:00:00,2026-04-19 18:00:00,"{""rsi_lower"":20,""rsi_upper"":80,""rsi_window"":14}",290,43,31,12,72.09,62817.94,-142125.71,49.58,1189.84,69.8,215148.7799999999,-620778.38,24.18,0.16,0.12,0.0057,0.0
SBER,MACD_12_26_9,1D,True,1,1000000.0,100.0,2014-01-06 00:00:00,2026-04-19 00:00:00,"{""macd_fast"":12,""macd_slow"":26,""macd_signal"":9}",213,213,89,124,41.78,174627.63,-95592.16,21.03,,53.83,1231510.7400000002,-907699.4999999999,368.84,0.54,0.86,0.0197,0.02
SBER,MACD_12_26_9,1D,False,1,1000000.0,100.0,2014-01-06 00:00:00,2026-04-19 00:00:00,"{""macd_fast"":12,""macd_slow"":26,""macd_signal"":9}",213,107,55,52,51.4,160319.99,-90500.08,20.13,,50.25,945203.8200000002,-873834.7799999999,411.16,0.73,0.7,0.0131,0.02
SBER,MACD_12_26_9,1h,True,1,1000000.0,100.0,2014-01-06 10:00:00,2026-04-19 18:00:00,"{""macd_fast"":12,""macd_slow"":26,""macd_signal"":9}",2952,2952,1091,1855,36.96,256249.9,-133479.43,1.52,36.45,36.79,3607031.649999998,-2859295.73,3196.43,0.73,0.96,0.0059,0.01
SBER,MACD_12_26_9,1h,False,1,1000000.0,100.0,2014-01-06 10:00:00,2026-04-19 18:00:00,"{""macd_fast"":12,""macd_slow"":26,""macd_signal"":9}",2952,1476,569,902,38.55,112123.2,-56485.04,1.49,35.73,32.19,1294099.3800000001,-1146715.5200000012,1284.86,0.75,0.64,0.0041,0.01
SBER,OBV_Signal_14,1D,True,1,1000000.0,100.0,2014-01-06 00:00:00,2026-04-19 00:00:00,"{""obv_ema_window"":14,""confirmation_bars"":1}",610,610,154,456,25.25,65768.16,-20546.21,7.35,,46.18,652010.9199999998,-336250.20000000024,75.92,0.3,0.44,0.0187,0.01
SBER,OBV_Signal_14,1D,False,1,1000000.0,100.0,2014-01-06 00:00:00,2026-04-19 00:00:00,"{""obv_ema_window"":14,""confirmation_bars"":1}",610,305,90,215,29.51,95236.21,-28584.52,7.98,,30.21,777789.6799999998,-293630.19999999995,242.56,0.59,0.6,0.0127,0.02
SBER,OBV_Signal_14,1h,True,1,1000000.0,100.0,2014-01-06 10:00:00,2026-04-19 18:00:00,"{""obv_ema_window"":14,""confirmation_bars"":1}",5766,5766,1623,4130,28.15,71322.12,-26900.91,0.78,18.67,59.73,1600243.2399999998,-3172171.2,465.51,0.42,0.5,0.0061,0.0
SBER,OBV_Signal_14,1h,False,1,1000000.0,100.0,2014-01-06 10:00:00,2026-04-19 18:00:00,"{""obv_ema_window"":14,""confirmation_bars"":1}",5766,2883,837,2038,29.03,54748.35,-20099.34,0.8,19.24,48.67,692499.8400000002,-1708900.8000000003,486.19,0.54,0.43,0.004,0.0
SBER,VWAP_Signal_yearly_100_5,1D,True,1,1000000.0,100.0,2014-01-06 00:00:00,2026-04-19 00:00:00,"{""vwap_window"":100,""vwap_tol"":0.005,""vwap_mode"":""yearly""}",148,89,26,63,29.21,1078393.69,-229700.04,50.36,,48.51,9662621.679999998,-1611368.7700000003,1356.71,0.91,1.48,0.0173,0.03
SBER,VWAP_Signal_yearly_100_5,1D,False,1,1000000.0,100.0,2014-01-06 00:00:00,2026-04-19 00:00:00,"{""vwap_window"":100,""vwap_tol"":0.005,""vwap_mode"":""yearly""}",148,45,15,30,33.33,772661.33,-128883.72,60.73,,27.29,4481844.079999999,-791830.0400000002,772.34,0.96,1.13,0.0126,0.04
SBER,VWAP_Signal_rolling_100_5,1h,True,1,1000000.0,100.0,2014-01-06 10:00:00,2026-04-19 18:00:00,"{""vwap_window"":100,""vwap_tol"":0.005,""vwap_mode"":""rolling""}",1796,601,208,393,34.61,267406.52,-101258.16,7.45,178.83,35.39,3079124.04,-1074617.550000001,1582.61,0.67,0.87,0.0051,0.01
SBER,VWAP_Signal_rolling_100_5,1h,False,1,1000000.0,100.0,2014-01-06 10:00:00,2026-04-19 18:00:00,"{""vwap_window"":100,""vwap_tol"":0.005,""vwap_mode"":""rolling""}",1796,301,113,188,37.54,189298.98,-67114.69,7.98,191.51,33.95,1462969.6,-548400.5100000005,877.32,0.75,0.68,0.0035,0.01
SBER,Engulfing,1D,True,1,1000000.0,100.0,2014-01-06 00:00:00,2026-04-19 00:00:00,"{""doji_tol"":0.1,""wick_body_ratio"":2.0,""ensemble_window"":5,""min_votes"":2}",323,164,69,95,42.07,121317.97,-86261.62,27.33,,75.81,727010.6600000001,-1568274.07,17.61,0.2,0.25,0.0198,0.01
SBER,HammerDoji,1D,True,1,1000000.0,100.0,2014-01-06 00:00:00,2026-04-19 00:00:00,"{""doji_tol"":0.1,""wick_body_ratio"":2.0,""ensemble_window"":5,""min_votes"":2}",507,262,144,117,54.96,19175.73,-28833.28,17.09,,84.91,151372.42999999996,-205156.56999999998,-61.22,-0.05,-0.05,0.0213,-0.0
SBER,Harami,1D,True,1,1000000.0,100.0,2014-01-06 00:00:00,2026-04-19 00:00:00,"{""doji_tol"":0.1,""wick_body_ratio"":2.0,""ensemble_window"":5,""min_votes"":2}",37,13,9,4,69.23,625196.33,-332594.91,342.31,,76.49,2710545.05,-644895.0000000002,429.64,0.52,0.79,0.025,0.02
SBER,CandleEnsemble_win5_v2,1D,True,1,1000000.0,100.0,2014-01-06 00:00:00,2026-04-19 00:00:00,"{""doji_tol"":0.1,""wick_body_ratio"":2.0,""ensemble_window"":5,""min_votes"":2}",259,144,79,65,54.86,78629.36,-91067.12,31.08,,69.57,418434.10000000015,-901775.8499999999,29.24,0.23,0.28,0.0208,0.01
SBER,Engulfing,1D,False,1,1000000.0,100.0,2014-01-06 00:00:00,2026-04-19 00:00:00,"{""doji_tol"":0.1,""wick_body_ratio"":2.0,""ensemble_window"":5,""min_votes"":2}",323,82,36,46,43.9,147993.98,-81670.04,22.94,,57.0,660949.7799999998,-1484114.47,157.1,0.46,0.32,0.0141,0.01
SBER,HammerDoji,1D,False,1,1000000.0,100.0,2014-01-06 00:00:00,2026-04-19 00:00:00,"{""doji_tol"":0.1,""wick_body_ratio"":2.0,""ensemble_window"":5,""min_votes"":2}",507,131,82,48,62.6,46800.54,-72234.67,20.24,,74.42,366599.86000000004,-564355.0999999999,37.04,0.24,0.2,0.0172,0.01
SBER,Harami,1D,False,1,1000000.0,100.0,2014-01-06 00:00:00,2026-04-19 00:00:00,"{""doji_tol"":0.1,""wick_body_ratio"":2.0,""ensemble_window"":5,""min_votes"":2}",37,7,5,2,71.43,1130962.51,-38617.04,411.71,,45.12,3383856.5999999996,-75424.0,557.76,0.75,0.88,0.015,0.02
SBER,CandleEnsemble_win5_v2,1D,False,1,1000000.0,100.0,2014-01-06 00:00:00,2026-04-19 00:00:00,"{""doji_tol"":0.1,""wick_body_ratio"":2.0,""ensemble_window"":5,""min_votes"":2}",259,72,47,25,65.28,110342.04,-141562.94,30.92,,62.73,673254.4,-1398136.9499999997,164.7,0.45,0.34,0.0151,0.01
SBER,Engulfing,1h,True,1,1000000.0,100.0,2014-01-06 10:00:00,2026-04-19 18:00:00,"{""doji_tol"":0.1,""wick_body_ratio"":2.0,""ensemble_window"":5,""min_votes"":2}",5335,2880,1197,1673,41.56,30707.28,-21511.72,1.56,37.38,66.61,417713.3400000002,-2026306.6500000004,76.75,0.22,0.26,0.0065,0.0
SBER,HammerDoji,1h,True,1,1000000.0,100.0,2014-01-06 10:00:00,2026-04-19 18:00:00,"{""doji_tol"":0.1,""wick_body_ratio"":2.0,""ensemble_window"":5,""min_votes"":2}",6944,3438,1735,1671,50.47,2231.53,-2894.75,1.3,31.32,96.91,60668.240000000034,-125084.96000000014,-96.54,-0.47,-0.57,0.0059,-0.0
SBER,Harami,1h,True,1,1000000.0,100.0,2014-01-06 10:00:00,2026-04-19 18:00:00,"{""doji_tol"":0.1,""wick_body_ratio"":2.0,""ensemble_window"":5,""min_votes"":2}",217,107,49,58,45.79,13484.56,-27868.59,41.59,998.16,96.86,182234.27999999997,-427394.49999999994,-95.56,-0.34,-0.39,0.0068,-0.0
SBER,CandleEnsemble_win5_v2,1h,True,1,1000000.0,100.0,2014-01-06 10:00:00,2026-04-19 18:00:00,"{""doji_tol"":0.1,""wick_body_ratio"":2.0,""ensemble_window"":5,""min_votes"":2}",3921,2189,1020,1148,46.6,13838.52,-12511.71,2.05,49.19,68.05,298521.5999999999,-289196.96,-24.82,0.07,0.08,0.0058,0.0
SBER,Engulfing,1h,False,1,1000000.0,100.0,2014-01-06 10:00:00,2026-04-19 18:00:00,"{""doji_tol"":0.1,""wick_body_ratio"":2.0,""ensemble_window"":5,""min_votes"":2}",5335,1440,626,810,43.47,37116.73,-25948.38,1.63,39.18,65.67,532833.9300000002,-2132192.0000000005,221.69,0.34,0.26,0.0054,0.0
SBER,HammerDoji,1h,False,1,1000000.0,100.0,2014-01-06 10:00:00,2026-04-19 18:00:00,"{""doji_tol"":0.1,""wick_body_ratio"":2.0,""ensemble_window"":5,""min_votes"":2}",6944,1719,911,798,53.0,6327.87,-7901.62,1.36,32.56,71.94,63261.16000000004,-249920.97000000006,-54.08,-0.11,-0.09,0.0041,-0.0
SBER,Harami,1h,False,1,1000000.0,100.0,2014-01-06 10:00:00,2026-04-19 18:00:00,"{""doji_tol"":0.1,""wick_body_ratio"":2.0,""ensemble_window"":5,""min_votes"":2}",217,53,30,23,56.6,38467.17,-69884.54,47.47,1139.34,78.44,218749.01999999996,-505923.18,-45.33,0.01,0.01,0.0057,0.0
SBER,CandleEnsemble_win5_v2,1h,False,1,1000000.0,100.0,2014-01-06 10:00:00,2026-04-19 18:00:00,"{""doji_tol"":0.1,""wick_body_ratio"":2.0,""ensemble_window"":5,""min_votes"":2}",3921,1095,535,550,48.86,23437.69,-20659.47,2.17,52.01,39.74,230458.21999999977,-327484.4899999999,117.65,0.29,0.24,0.0039,0.0
SBER,TrendlineBreakout,1D,True,1,1000000.0,100.0,2014-01-06 00:00:00,2026-04-19 00:00:00,{},2635,40,16,24,40.0,298541.35,-45422.0,58.65,,33.05,1878112.6,-128097.9699999997,368.65,0.73,0.76,0.0122,0.03
SBER,TrendlineRetest,1D,True,1,1000000.0,100.0,2014-01-06 00:00:00,2026-04-19 00:00:00,{},131,33,21,12,63.64,107616.44,-57749.79,71.0,,39.51,402725.40000000014,-565626.1999999997,156.69,0.51,0.48,0.0113,0.01
SBER,BreakoutPivot,1D,True,1,1000000.0,100.0,2014-01-06 00:00:00,2026-04-19 00:00:00,"{""lookback"":200,""pivot_window"":5,""min_touches"":3,""atr_window"":14,""tolerance_atr_mult"":0.5,""cluster_atr_mult"":0.5,""confirmation_bars"":1,""cooldown_bars"":5,""volume_confirmation"":false,""volume_window"":20,""volume_mult"":1.5,""include_horizontal"":true,""include_diagonal"":true}",136,33,15,18,45.45,128466.9,-89235.54,74.48,,71.48,684490.23,-888771.73,32.08,0.22,0.19,0.0156,0.0
SBER,BreakoutOLSPivot,1D,True,1,1000000.0,100.0,2014-01-06 00:00:00,2026-04-19 00:00:00,"{""lookback"":200,""pivot_window"":5,""min_touches"":3,""atr_window"":14,""tolerance_atr_mult"":0.5,""cluster_atr_mult"":0.5,""confirmation_bars"":1,""cooldown_bars"":5,""volume_confirmation"":false,""volume_window"":20,""volume_mult"":1.5,""include_horizontal"":true,""include_diagonal"":true}",146,30,19,11,63.33,173863.26,-213290.1,84.0,,65.98,665619.0199999999,-1430078.0699999998,95.72,0.35,0.29,0.0155,0.01
SBER,RetestPivot,1D,True,1,1000000.0,100.0,2014-01-06 00:00:00,2026-04-19 00:00:00,"{""lookback"":200,""pivot_window"":5,""min_touches"":3,""atr_window"":14,""tolerance_atr_mult"":0.5,""cluster_atr_mult"":0.5,""confirmation_bars"":1,""cooldown_bars"":5,""volume_confirmation"":false,""volume_window"":20,""volume_mult"":1.5,""include_horizontal"":true,""include_diagonal"":true,""retest_window"":20,""min_bars_after_breakout"":2,""cancel_atr_mult"":1.0}",100,26,15,11,57.69,81401.87,-101080.96,81.04,,70.88,436119.08999999997,-763023.9999999999,10.91,0.16,0.12,0.0148,0.0
SBER,RetestOLSPivot,1D,True,1,1000000.0,100.0,2014-01-06 00:00:00,2026-04-19 00:00:00,"{""lookback"":200,""pivot_window"":5,""min_touches"":3,""atr_window"":14,""tolerance_atr_mult"":0.5,""cluster_atr_mult"":0.5,""confirmation_bars"":1,""cooldown_bars"":5,""volume_confirmation"":false,""volume_window"":20,""volume_mult"":1.5,""include_horizontal"":true,""include_diagonal"":true,""retest_window"":20,""min_bars_after_breakout"":2,""cancel_atr_mult"":1.0}",106,20,11,9,55.0,180765.2,-176738.85,109.0,,63.64,592153.3200000001,-1138649.8499999999,39.78,0.24,0.18,0.0146,0.01
SBER,ARIMA_Signal,1D,True,1,1000000.0,100.0,2014-01-06 00:00:00,2026-04-19 00:00:00,"{""order"":[1,0,1],""min_train"":252,""refit_every"":30,""signal_zthreshold"":0.0}",631,631,295,334,46.75,11825.14,-12208.19,6.53,,88.29,238380.17999999996,-257799.75999999998,-58.91,-0.06,-0.07,0.0196,-0.0
SBER,GARCH_VolTarget,1D,True,1,1000000.0,100.0,2014-01-06 00:00:00,2026-04-19 00:00:00,"{""min_train"":252,""refit_every"":60,""vol_window"":252,""low_q"":0.25,""high_q"":0.75}",95,95,51,44,53.68,289506.4,-198600.87,41.37,,53.07,2096694.5599999994,-1398534.5100000002,602.64,0.72,1.01,0.0165,0.02
SBER,TGARCH_VolTarget,1D,True,1,1000000.0,100.0,2014-01-06 00:00:00,2026-04-19 00:00:00,"{""min_train"":252,""refit_every"":60,""vol_window"":252,""low_q"":0.25,""high_q"":0.75}",63,63,34,29,53.97,445151.48,-295270.08,62.4,,55.39,2692808.6699999995,-1619058.9900000002,657.23,0.78,1.09,0.0154,0.02
SBER,VAR_Signal,1D,True,1,1000000.0,100.0,2014-01-06 00:00:00,2026-04-19 00:00:00,"{""min_train"":252,""refit_every"":20,""max_lags"":5}",1169,1169,572,592,48.93,8826.29,-9260.49,3.52,,78.85,119994.11999999997,-224105.15999999997,-43.36,0.02,0.02,0.0196,0.0
SBER,VARMAX_Signal,1D,True,1,1000000.0,100.0,2014-01-06 00:00:00,2026-04-19 00:00:00,"{""min_train"":252,""refit_every"":20,""max_lags"":5}",57,57,30,27,52.63,337216.29,-300850.94,72.25,,73.06,1982933.8799999997,-1464552.6799999997,199.35,0.44,0.52,0.0199,0.01
SBER,ImprovedVAR_Signal,1D,True,1,1000000.0,100.0,2014-01-06 00:00:00,2026-04-19 00:00:00,"{""min_train"":252,""refit_every"":20,""max_lags"":5}",1169,1169,572,592,48.93,8826.29,-9260.49,3.52,,78.85,119994.11999999997,-224105.15999999997,-43.36,0.02,0.02,0.0196,0.0
SBER,ExpSmoothing_Signal,1D,True,1,1000000.0,100.0,2014-01-06 00:00:00,2026-04-19 00:00:00,"{""min_train"":252,""refit_every"":20,""damped"":false}",6,6,3,3,50.0,279446.03,-233143.66,686.33,,75.48,703504.2,-673497.4999999999,13.89,0.21,0.23,0.0215,0.01
SBER,ES_Signal,1D,True,1,1000000.0,100.0,2014-01-06 00:00:00,2026-04-19 00:00:00,"{""min_train"":252,""window"":63,""confidence"":0.95,""low_q"":0.33,""high_q"":0.67}",25,25,11,14,44.0,107855.85,-103243.36,172.08,,75.24,463774.95000000007,-372062.9,-25.9,0.07,0.09,0.0186,0.0
SBER,DDM_Gordon,1D,True,1,1000000.0,100.0,2014-01-06 00:00:00,2026-04-19 00:00:00,{},10,1,1,0,100.0,736602.72,0.0,2663.0,,73.81,736602.72,736602.72,73.66,0.31,0.26,0.0161,0.01
SBER,DividendYield,1D,True,1,1000000.0,100.0,2014-01-06 00:00:00,2026-04-19 00:00:00,{},12,1,0,1,0.0,0.0,-529442.92,184.0,,67.74,-529442.92,-529442.92,-52.94,-0.31,-0.06,0.0094,-0.0
SBER,DCF_TwoStage,1D,True,1,1000000.0,100.0,2014-01-06 00:00:00,2026-04-19 00:00:00,{},0,0,0,0,0.0,0.0,0.0,0.0,,0.0,0.0,0.0,0.0,,,0.0,
SBER,DCF_MultiStage,1D,True,1,1000000.0,100.0,2014-01-06 00:00:00,2026-04-19 00:00:00,{},0,0,0,0,0.0,0.0,0.0,0.0,,0.0,0.0,0.0,0.0,,,0.0,
SBER,MultipleRegression,1D,True,1,1000000.0,100.0,2014-01-06 00:00:00,2026-04-19 00:00:00,{},0,0,0,0,0.0,0.0,0.0,0.0,,0.0,0.0,0.0,0.0,,,0.0,
SBER,EPSGrowth,1D,True,1,1000000.0,100.0,2014-01-06 00:00:00,2026-04-19 00:00:00,"{""min_change_pct"":5.0}",8,1,1,0,100.0,195461.1,0.0,1936.0,,73.81,195461.1000000001,195461.1000000001,19.55,0.18,0.13,0.0143,0.0
SBER,ROE,1D,True,1,1000000.0,100.0,2014-01-06 00:00:00,2026-04-19 00:00:00,"{""min_change_pct"":5.0}",9,3,3,0,100.0,88885.42,0.0,645.67,,73.81,118732.63999999997,71370.00000000004,26.67,0.2,0.14,0.0142,0.0
SBER,NetProfit,1D,True,1,1000000.0,100.0,2014-01-06 00:00:00,2026-04-19 00:00:00,"{""min_change_pct"":5.0}",8,1,1,0,100.0,195461.1,0.0,1936.0,,73.81,195461.1000000001,195461.1000000001,19.55,0.18,0.13,0.0143,0.0
SBER,RelValuation_PE,1D,True,1,1000000.0,100.0,2014-01-06 00:00:00,2026-04-19 00:00:00,"{""multiplier"":""P/E"",""history_window"":8,""threshold"":0.2}",4,1,1,0,100.0,1101858.0,0.0,1479.0,,38.85,1101858.0,1101858.0,110.19,0.44,0.36,0.0103,0.01
SBER,RelValuation_PB,1D,True,1,1000000.0,100.0,2014-01-06 00:00:00,2026-04-19 00:00:00,"{""multiplier"":""P/B"",""history_window"":8,""threshold"":0.2}",2,1,1,0,100.0,355289.22,0.0,1024.0,,32.04,355289.22,355289.22,35.53,0.28,0.21,0.0067,0.01
SBER,MultTrend_PE,1D,True,1,1000000.0,100.0,2014-01-06 00:00:00,2026-04-19 00:00:00,"{""multiplier"":""P/E"",""trend_periods"":3,""threshold"":0.05}",0,0,0,0,0.0,0.0,0.0,0.0,,0.0,0.0,0.0,0.0,,,0.0,
SBER,ComplexScoring,1D,True,1,1000000.0,100.0,2014-01-06 00:00:00,2026-04-19 00:00:00,"{""weights"":[0.6,0.4],""history_window"":8,""lambda_coef"":0.5,""threshold"":0.1}",0,0,0,0,0.0,0.0,0.0,0.0,,0.0,0.0,0.0,0.0,,,0.0,
SBER,PriceDisconnect,1D,True,1,1000000.0,100.0,2014-01-06 00:00:00,2026-04-19 00:00:00,"{""fundamental"":""earnings"",""threshold"":0.15}",5,1,1,0,100.0,59712.9,0.0,1754.0,,73.81,59712.90000000004,59712.90000000004,5.97,0.14,0.09,0.014,0.0
